id;year;outcome;adopt_year;D;x1;x2
1;2000;1.608102932;NA;0;-0.626453811;1
1;2001;1.886865542;NA;0;-0.626453811;1
1;2002;2.239263946;NA;0;-0.626453811;1
1;2003;2.665701351;NA;0;-0.626453811;1
1;2004;2.566797614;NA;0;-0.626453811;1
1;2005;2.864701799;NA;0;-0.626453811;1
1;2006;3.036357888;NA;0;-0.626453811;1
1;2007;3.324408571;NA;0;-0.626453811;1
1;2008;3.767780045;NA;0;-0.626453811;1
1;2009;4.43465857;NA;0;-0.626453811;1
1;2010;4.684409972;NA;0;-0.626453811;1
1;2011;4.326076916;NA;0;-0.626453811;1
1;2012;5.411690783;NA;0;-0.626453811;1
2;2000;1.853669008;NA;0;0.183643324;1
2;2001;2.673583524;NA;0;0.183643324;1
2;2002;3.684463555;NA;0;0.183643324;1
2;2003;3.991651243;NA;0;0.183643324;1
2;2004;3.963688041;NA;0;0.183643324;1
2;2005;3.841968895;NA;0;0.183643324;1
2;2006;4.333437212;NA;0;0.183643324;1
2;2007;3.523977821;NA;0;0.183643324;1
2;2008;3.979328873;NA;0;0.183643324;1
2;2009;4.00370514;NA;0;0.183643324;1
2;2010;3.920564836;NA;0;0.183643324;1
2;2011;4.929738962;NA;0;0.183643324;1
2;2012;5.539911289;NA;0;0.183643324;1
3;2000;-1.582995827;NA;0;-0.835628612;0
3;2001;-1.505990963;NA;0;-0.835628612;0
3;2002;-1.098911002;NA;0;-0.835628612;0
3;2003;-0.771671979;NA;0;-0.835628612;0
3;2004;-0.735783549;NA;0;-0.835628612;0
3;2005;-0.596992234;NA;0;-0.835628612;0
3;2006;-0.753521479;NA;0;-0.835628612;0
3;2007;-0.775923795;NA;0;-0.835628612;0
3;2008;-0.921166804;NA;0;-0.835628612;0
3;2009;-1.216679407;NA;0;-0.835628612;0
3;2010;-0.746785985;NA;0;-0.835628612;0
3;2011;-0.106005314;NA;0;-0.835628612;0
3;2012;0.867629976;NA;0;-0.835628612;0
4;2000;1.40157852;2004;0;1.595280802;1
4;2001;2.534856325;2004;0;1.595280802;1
4;2002;2.588715912;2004;0;1.595280802;1
4;2003;3.31155018;2004;0;1.595280802;1
4;2004;4.140885072;2004;1;1.595280802;1
4;2005;3.893082988;2004;1;1.595280802;1
4;2006;4.080163399;2004;1;1.595280802;1
4;2007;4.485781738;2004;1;1.595280802;1
4;2008;4.300591332;2004;1;1.595280802;1
4;2009;4.813143011;2004;1;1.595280802;1
4;2010;5.436534924;2004;1;1.595280802;1
4;2011;5.886554309;2004;1;1.595280802;1
4;2012;6.647239643;2004;1;1.595280802;1
5;2000;0.231231365;2007;0;0.329507772;0
5;2001;0.410286173;2007;0;0.329507772;0
5;2002;1.277362964;2007;0;0.329507772;0
5;2003;2.107982103;2007;0;0.329507772;0
5;2004;2.138987508;2007;0;0.329507772;0
5;2005;2.110009786;2007;0;0.329507772;0
5;2006;2.054420756;2007;0;0.329507772;0
5;2007;2.285108486;2007;1;0.329507772;0
5;2008;2.163058753;2007;1;0.329507772;0
5;2009;2.25856667;2007;1;0.329507772;0
5;2010;2.38567769;2007;1;0.329507772;0
5;2011;2.586426679;2007;1;0.329507772;0
5;2012;3.038627716;2007;1;0.329507772;0
6;2000;-1.40832737;NA;0;-0.820468384;0
6;2001;-2.406666261;NA;0;-0.820468384;0
6;2002;-1.586639703;NA;0;-0.820468384;0
6;2003;-2.336607201;NA;0;-0.820468384;0
6;2004;-1.960469561;NA;0;-0.820468384;0
6;2005;-2.61431808;NA;0;-0.820468384;0
6;2006;-2.854690555;NA;0;-0.820468384;0
6;2007;-2.942527624;NA;0;-0.820468384;0
6;2008;-3.151189359;NA;0;-0.820468384;0
6;2009;-2.788679344;NA;0;-0.820468384;0
6;2010;-2.777794549;NA;0;-0.820468384;0
6;2011;-2.257124728;NA;0;-0.820468384;0
6;2012;-1.190888343;NA;0;-0.820468384;0
7;2000;1.740400312;NA;0;0.487429052;1
7;2001;1.99475123;NA;0;0.487429052;1
7;2002;3.138345241;NA;0;0.487429052;1
7;2003;3.72072429;NA;0;0.487429052;1
7;2004;4.789673692;NA;0;0.487429052;1
7;2005;4.884186565;NA;0;0.487429052;1
7;2006;4.767351475;NA;0;0.487429052;1
7;2007;4.492740441;NA;0;0.487429052;1
7;2008;5.003098045;NA;0;0.487429052;1
7;2009;5.868396883;NA;0;0.487429052;1
7;2010;5.822599734;NA;0;0.487429052;1
7;2011;6.184454236;NA;0;0.487429052;1
7;2012;7.314231413;NA;0;0.487429052;1
8;2000;-0.249987754;NA;0;0.738324705;1
8;2001;-0.432622681;NA;0;0.738324705;1
8;2002;-0.283531541;NA;0;0.738324705;1
8;2003;0.098556385;NA;0;0.738324705;1
8;2004;0.936666166;NA;0;0.738324705;1
8;2005;1.094378507;NA;0;0.738324705;1
8;2006;1.373943765;NA;0;0.738324705;1
8;2007;2.140264569;NA;0;0.738324705;1
8;2008;2.424773055;NA;0;0.738324705;1
8;2009;2.940698848;NA;0;0.738324705;1
8;2010;3.673943927;NA;0;0.738324705;1
8;2011;3.66038324;NA;0;0.738324705;1
8;2012;4.113181231;NA;0;0.738324705;1
9;2000;-0.061134117;2005;0;0.575781352;1
9;2001;0.310358639;2005;0;0.575781352;1
9;2002;0.388373325;2005;0;0.575781352;1
9;2003;0.863611409;2005;0;0.575781352;1
9;2004;0.879512354;2005;0;0.575781352;1
9;2005;0.951272637;2005;1;0.575781352;1
9;2006;0.39254994;2005;1;0.575781352;1
9;2007;0.377016206;2005;1;0.575781352;1
9;2008;1.225412871;2005;1;0.575781352;1
9;2009;1.211520906;2005;1;0.575781352;1
9;2010;1.352196673;2005;1;0.575781352;1
9;2011;2.178225085;2005;1;0.575781352;1
9;2012;1.627591702;2005;1;0.575781352;1
10;2000;1.271380757;NA;0;-0.305388387;1
10;2001;2.137758921;NA;0;-0.305388387;1
10;2002;3.481893306;NA;0;-0.305388387;1
10;2003;3.214922281;NA;0;-0.305388387;1
10;2004;3.099683949;NA;0;-0.305388387;1
10;2005;4.181242388;NA;0;-0.305388387;1
10;2006;4.040676311;NA;0;-0.305388387;1
10;2007;3.912403252;NA;0;-0.305388387;1
10;2008;4.14785333;NA;0;-0.305388387;1
10;2009;4.089720575;NA;0;-0.305388387;1
10;2010;4.026704697;NA;0;-0.305388387;1
10;2011;4.965648702;NA;0;-0.305388387;1
10;2012;5.440201394;NA;0;-0.305388387;1
11;2000;0.878427615;2005;0;1.511781168;1
11;2001;1.160180406;2005;0;1.511781168;1
11;2002;1.72984453;2005;0;1.511781168;1
11;2003;2.633274579;2005;0;1.511781168;1
11;2004;2.682039451;2005;0;1.511781168;1
11;2005;2.919385501;2005;1;1.511781168;1
11;2006;3.164962832;2005;1;1.511781168;1
11;2007;3.172593549;2005;1;1.511781168;1
11;2008;2.681066955;2005;1;1.511781168;1
11;2009;3.195859915;2005;1;1.511781168;1
11;2010;3.671729752;2005;1;1.511781168;1
11;2011;4.527500183;2005;1;1.511781168;1
11;2012;5.075451358;2005;1;1.511781168;1
12;2000;0.153726855;2004;0;0.389843236;1
12;2001;0.842347905;2004;0;0.389843236;1
12;2002;1.893582998;2004;0;0.389843236;1
12;2003;2.466636782;2004;0;0.389843236;1
12;2004;2.749765631;2004;1;0.389843236;1
12;2005;1.748278452;2004;1;0.389843236;1
12;2006;1.352536959;2004;1;0.389843236;1
12;2007;1.501101976;2004;1;0.389843236;1
12;2008;2.181571164;2004;1;0.389843236;1
12;2009;2.369218019;2004;1;0.389843236;1
12;2010;3.189693041;2004;1;0.389843236;1
12;2011;3.531832614;2004;1;0.389843236;1
12;2012;3.852677962;2004;1;0.389843236;1
13;2000;-0.727928633;2007;0;-0.621240581;0
13;2001;-1.38372213;2007;0;-0.621240581;0
13;2002;-1.538897539;2007;0;-0.621240581;0
13;2003;-1.822919439;2007;0;-0.621240581;0
13;2004;-2.055796026;2007;0;-0.621240581;0
13;2005;-2.429316087;2007;0;-0.621240581;0
13;2006;-2.87644533;2007;0;-0.621240581;0
13;2007;-3.168305913;2007;1;-0.621240581;0
13;2008;-3.447057517;2007;1;-0.621240581;0
13;2009;-3.017527207;2007;1;-0.621240581;0
13;2010;-2.812909248;2007;1;-0.621240581;0
13;2011;-3.111244128;2007;1;-0.621240581;0
13;2012;-2.630115028;2007;1;-0.621240581;0
14;2000;-2.058133455;NA;0;-2.214699887;1
14;2001;-2.450875847;NA;0;-2.214699887;1
14;2002;-2.444314674;NA;0;-2.214699887;1
14;2003;-3.201508313;NA;0;-2.214699887;1
14;2004;-2.587313496;NA;0;-2.214699887;1
14;2005;-3.062335602;NA;0;-2.214699887;1
14;2006;-3.770895756;NA;0;-2.214699887;1
14;2007;-3.971432044;NA;0;-2.214699887;1
14;2008;-4.350569784;NA;0;-2.214699887;1
14;2009;-3.949873491;NA;0;-2.214699887;1
14;2010;-3.251864592;NA;0;-2.214699887;1
14;2011;-3.295701048;NA;0;-2.214699887;1
14;2012;-3.403528734;NA;0;-2.214699887;1
15;2000;0.966295241;2004;0;1.124930918;0
15;2001;1.80888027;2004;0;1.124930918;0
15;2002;2.509509612;2004;0;1.124930918;0
15;2003;3.071421719;2004;0;1.124930918;0
15;2004;2.80249614;2004;1;1.124930918;0
15;2005;2.604471526;2004;1;1.124930918;0
15;2006;2.890528998;2004;1;1.124930918;0
15;2007;3.411270683;2004;1;1.124930918;0
15;2008;2.945733786;2004;1;1.124930918;0
15;2009;3.400894527;2004;1;1.124930918;0
15;2010;3.701966053;2004;1;1.124930918;0
15;2011;4.59813471;2004;1;1.124930918;0
15;2012;5.186618712;2004;1;1.124930918;0
16;2000;0.804427688;2005;0;-0.044933609;1
16;2001;0.934959766;2005;0;-0.044933609;1
16;2002;1.663257757;2005;0;-0.044933609;1
16;2003;2.011281255;2005;0;-0.044933609;1
16;2004;1.55749213;2005;0;-0.044933609;1
16;2005;1.116810217;2005;1;-0.044933609;1
16;2006;1.542318695;2005;1;-0.044933609;1
16;2007;1.029960301;2005;1;-0.044933609;1
16;2008;1.660877878;2005;1;-0.044933609;1
16;2009;1.879374378;2005;1;-0.044933609;1
16;2010;1.595368463;2005;1;-0.044933609;1
16;2011;1.92009718;2005;1;-0.044933609;1
16;2012;2.084216996;2005;1;-0.044933609;1
17;2000;0.175200197;NA;0;-0.016190263;1
17;2001;-0.797668037;NA;0;-0.016190263;1
17;2002;0.629608626;NA;0;-0.016190263;1
17;2003;1.090871034;NA;0;-0.016190263;1
17;2004;1.567310388;NA;0;-0.016190263;1
17;2005;1.467598164;NA;0;-0.016190263;1
17;2006;2.042978986;NA;0;-0.016190263;1
17;2007;1.92778506;NA;0;-0.016190263;1
17;2008;1.574064211;NA;0;-0.016190263;1
17;2009;1.898908605;NA;0;-0.016190263;1
17;2010;2.614316719;NA;0;-0.016190263;1
17;2011;2.384602408;NA;0;-0.016190263;1
17;2012;3.049201653;NA;0;-0.016190263;1
18;2000;-0.634097582;2004;0;0.943836211;0
18;2001;-0.876576661;2004;0;0.943836211;0
18;2002;0.542494682;2004;0;0.943836211;0
18;2003;0.698535475;2004;0;0.943836211;0
18;2004;0.627017933;2004;1;0.943836211;0
18;2005;0.339057655;2004;1;0.943836211;0
18;2006;-0.416218131;2004;1;0.943836211;0
18;2007;0.071010967;2004;1;0.943836211;0
18;2008;0.895818845;2004;1;0.943836211;0
18;2009;1.495936795;2004;1;0.943836211;0
18;2010;1.381574576;2004;1;0.943836211;0
18;2011;2.362767764;2004;1;0.943836211;0
18;2012;3.136700114;2004;1;0.943836211;0
19;2000;0.057730121;2005;0;0.821221195;0
19;2001;0.644960126;2005;0;0.821221195;0
19;2002;0.893346725;2005;0;0.821221195;0
19;2003;0.985201951;2005;0;0.821221195;0
19;2004;0.256463269;2005;0;0.821221195;0
19;2005;0.50869406;2005;1;0.821221195;0
19;2006;0.237894554;2005;1;0.821221195;0
19;2007;-0.252445864;2005;1;0.821221195;0
19;2008;0.020143477;2005;1;0.821221195;0
19;2009;0.024215917;2005;1;0.821221195;0
19;2010;1.036744325;2005;1;0.821221195;0
19;2011;1.285825958;2005;1;0.821221195;0
19;2012;1.287667962;2005;1;0.821221195;0
20;2000;2.215236185;2004;0;0.593901321;0
20;2001;3.018264135;2004;0;0.593901321;0
20;2002;3.621456493;2004;0;0.593901321;0
20;2003;3.922495365;2004;0;0.593901321;0
20;2004;4.19206197;2004;1;0.593901321;0
20;2005;4.267868257;2004;1;0.593901321;0
20;2006;4.801477;2004;1;0.593901321;0
20;2007;4.723614919;2004;1;0.593901321;0
20;2008;5.465628435;2004;1;0.593901321;0
20;2009;5.148809716;2004;1;0.593901321;0
20;2010;5.429402633;2004;1;0.593901321;0
20;2011;5.827342269;2004;1;0.593901321;0
20;2012;6.215431924;2004;1;0.593901321;0
21;2000;0.232097138;2004;0;0.918977372;0
21;2001;0.719927365;2004;0;0.918977372;0
21;2002;0.893915058;2004;0;0.918977372;0
21;2003;1.33064842;2004;0;0.918977372;0
21;2004;1.521096887;2004;1;0.918977372;0
21;2005;1.387815875;2004;1;0.918977372;0
21;2006;0.280293261;2004;1;0.918977372;0
21;2007;0.643341697;2004;1;0.918977372;0
21;2008;0.373894747;2004;1;0.918977372;0
21;2009;0.725296272;2004;1;0.918977372;0
21;2010;1.147633387;2004;1;0.918977372;0
21;2011;1.32574026;2004;1;0.918977372;0
21;2012;1.604610484;2004;1;0.918977372;0
22;2000;1.642785784;2004;0;0.782136301;1
22;2001;2.68829612;2004;0;0.782136301;1
22;2002;2.806213004;2004;0;0.782136301;1
22;2003;3.349522804;2004;0;0.782136301;1
22;2004;4.133818751;2004;1;0.782136301;1
22;2005;3.726919142;2004;1;0.782136301;1
22;2006;3.937213862;2004;1;0.782136301;1
22;2007;4.038287442;2004;1;0.782136301;1
22;2008;4.091503493;2004;1;0.782136301;1
22;2009;4.625419138;2004;1;0.782136301;1
22;2010;5.194462563;2004;1;0.782136301;1
22;2011;6.015681807;2004;1;0.782136301;1
22;2012;6.388181211;2004;1;0.782136301;1
23;2000;0.606793706;NA;0;0.074564983;0
23;2001;1.003531938;NA;0;0.074564983;0
23;2002;0.972930595;NA;0;0.074564983;0
23;2003;2.204087832;NA;0;0.074564983;0
23;2004;2.689580545;NA;0;0.074564983;0
23;2005;3.34058269;NA;0;0.074564983;0
23;2006;3.155545898;NA;0;0.074564983;0
23;2007;3.563458514;NA;0;0.074564983;0
23;2008;3.823707769;NA;0;0.074564983;0
23;2009;3.541674885;NA;0;0.074564983;0
23;2010;4.088172631;NA;0;0.074564983;0
23;2011;5.185723907;NA;0;0.074564983;0
23;2012;5.088882045;NA;0;0.074564983;0
24;2000;0.226785295;2007;0;-1.989351696;1
24;2001;0.625110139;2007;0;-1.989351696;1
24;2002;0.528352365;2007;0;-1.989351696;1
24;2003;0.802010209;2007;0;-1.989351696;1
24;2004;0.77251256;2007;0;-1.989351696;1
24;2005;0.15989055;2007;0;-1.989351696;1
24;2006;0.09739758;2007;0;-1.989351696;1
24;2007;-0.582287684;2007;1;-1.989351696;1
24;2008;-0.903767957;2007;1;-1.989351696;1
24;2009;-1.717697335;2007;1;-1.989351696;1
24;2010;-1.539436429;2007;1;-1.989351696;1
24;2011;-1.300694014;2007;1;-1.989351696;1
24;2012;-0.981728681;2007;1;-1.989351696;1
25;2000;0.848226888;2005;0;0.619825748;0
25;2001;1.02640648;2005;0;0.619825748;0
25;2002;1.315244707;2005;0;0.619825748;0
25;2003;1.706976946;2005;0;0.619825748;0
25;2004;1.692503503;2005;0;0.619825748;0
25;2005;2.455490292;2005;1;0.619825748;0
25;2006;1.924950098;2005;1;0.619825748;0
25;2007;1.438554752;2005;1;0.619825748;0
25;2008;1.511209958;2005;1;0.619825748;0
25;2009;1.618946777;2005;1;0.619825748;0
25;2010;1.976354614;2005;1;0.619825748;0
25;2011;2.347107771;2005;1;0.619825748;0
25;2012;2.623436167;2005;1;0.619825748;0
26;2000;-0.570182119;2006;0;-0.05612874;1
26;2001;-0.708426568;2006;0;-0.05612874;1
26;2002;-0.605730265;2006;0;-0.05612874;1
26;2003;0.06294161;2006;0;-0.05612874;1
26;2004;0.048325068;2006;0;-0.05612874;1
26;2005;0.782346172;2006;0;-0.05612874;1
26;2006;0.273390412;2006;1;-0.05612874;1
26;2007;0.140048624;2006;1;-0.05612874;1
26;2008;-0.41527111;2006;1;-0.05612874;1
26;2009;-0.989282943;2006;1;-0.05612874;1
26;2010;-0.239605899;2006;1;-0.05612874;1
26;2011;0.749215967;2006;1;-0.05612874;1
26;2012;1.049313123;2006;1;-0.05612874;1
27;2000;-0.450944588;2004;0;-0.155795507;1
27;2001;-0.155184602;2004;0;-0.155795507;1
27;2002;0.092401614;2004;0;-0.155795507;1
27;2003;0.001582854;2004;0;-0.155795507;1
27;2004;0.562271376;2004;1;-0.155795507;1
27;2005;-0.016741528;2004;1;-0.155795507;1
27;2006;-0.811155263;2004;1;-0.155795507;1
27;2007;-0.909253237;2004;1;-0.155795507;1
27;2008;-0.19394387;2004;1;-0.155795507;1
27;2009;0.596749156;2004;1;-0.155795507;1
27;2010;1.084431374;2004;1;-0.155795507;1
27;2011;1.173970111;2004;1;-0.155795507;1
27;2012;1.832836101;2004;1;-0.155795507;1
28;2000;0.381342465;2006;0;-1.470752384;0
28;2001;0.408024808;2006;0;-1.470752384;0
28;2002;0.449975036;2006;0;-1.470752384;0
28;2003;0.988709493;2006;0;-1.470752384;0
28;2004;-0.221887199;2006;0;-1.470752384;0
28;2005;0.02916533;2006;0;-1.470752384;0
28;2006;-0.570609918;2006;1;-1.470752384;0
28;2007;-1.62207804;2006;1;-1.470752384;0
28;2008;-1.892333889;2006;1;-1.470752384;0
28;2009;-1.67044912;2006;1;-1.470752384;0
28;2010;-1.608868602;2006;1;-1.470752384;0
28;2011;-0.95995749;2006;1;-1.470752384;0
28;2012;-0.638297063;2006;1;-1.470752384;0
29;2000;-1.434612984;2005;0;-0.478150055;0
29;2001;-1.33873994;2005;0;-0.478150055;0
29;2002;-1.100413521;2005;0;-0.478150055;0
29;2003;-1.632873814;2005;0;-0.478150055;0
29;2004;-1.546794015;2005;0;-0.478150055;0
29;2005;-1.28425684;2005;1;-0.478150055;0
29;2006;-1.839281508;2005;1;-0.478150055;0
29;2007;-2.095422085;2005;1;-0.478150055;0
29;2008;-1.762038423;2005;1;-0.478150055;0
29;2009;-2.104907599;2005;1;-0.478150055;0
29;2010;-2.074556647;2005;1;-0.478150055;0
29;2011;-1.596771928;2005;1;-0.478150055;0
29;2012;-1.560198608;2005;1;-0.478150055;0
30;2000;1.355336328;2006;0;0.41794156;1
30;2001;1.991777582;2006;0;0.41794156;1
30;2002;2.47287708;2006;0;0.41794156;1
30;2003;3.195931046;2006;0;0.41794156;1
30;2004;3.519991002;2006;0;0.41794156;1
30;2005;4.280921297;2006;0;0.41794156;1
30;2006;3.855350039;2006;1;0.41794156;1
30;2007;3.553021273;2006;1;0.41794156;1
30;2008;3.456315103;2006;1;0.41794156;1
30;2009;4.52001926;2006;1;0.41794156;1
30;2010;4.789748338;2006;1;0.41794156;1
30;2011;5.201394932;2006;1;0.41794156;1
30;2012;5.931205039;2006;1;0.41794156;1
31;2000;0.673422206;2006;0;1.358679552;1
31;2001;2.089550959;2006;0;1.358679552;1
31;2002;2.689817275;2006;0;1.358679552;1
31;2003;2.711879123;2006;0;1.358679552;1
31;2004;3.273280477;2006;0;1.358679552;1
31;2005;3.664790071;2006;0;1.358679552;1
31;2006;3.890324589;2006;1;1.358679552;1
31;2007;3.436800791;2006;1;1.358679552;1
31;2008;3.723446808;2006;1;1.358679552;1
31;2009;4.383463546;2006;1;1.358679552;1
31;2010;5.29307454;2006;1;1.358679552;1
31;2011;5.3733635;2006;1;1.358679552;1
31;2012;5.839441139;2006;1;1.358679552;1
32;2000;0.301502888;2007;0;-0.102787727;0
32;2001;0.341539923;2007;0;-0.102787727;0
32;2002;0.519635351;2007;0;-0.102787727;0
32;2003;1.129126871;2007;0;-0.102787727;0
32;2004;1.300199339;2007;0;-0.102787727;0
32;2005;1.104237088;2007;0;-0.102787727;0
32;2006;0.460663732;2007;0;-0.102787727;0
32;2007;0.351838003;2007;1;-0.102787727;0
32;2008;0.603754926;2007;1;-0.102787727;0
32;2009;0.173047104;2007;1;-0.102787727;0
32;2010;-0.305764018;2007;1;-0.102787727;0
32;2011;0.6348354;2007;1;-0.102787727;0
32;2012;1.013396567;2007;1;-0.102787727;0
33;2000;-0.236991459;NA;0;0.387671612;0
33;2001;-0.196065496;NA;0;0.387671612;0
33;2002;-0.455602492;NA;0;0.387671612;0
33;2003;-0.183063192;NA;0;0.387671612;0
33;2004;-0.201145319;NA;0;0.387671612;0
33;2005;-0.160592005;NA;0;0.387671612;0
33;2006;-0.323473487;NA;0;0.387671612;0
33;2007;-0.400276945;NA;0;0.387671612;0
33;2008;-0.477239783;NA;0;0.387671612;0
33;2009;0.385617877;NA;0;0.387671612;0
33;2010;0.468237914;NA;0;0.387671612;0
33;2011;0.566998624;NA;0;0.387671612;0
33;2012;1.288027007;NA;0;0.387671612;0
34;2000;0.066407707;2006;0;-0.053805041;1
34;2001;0.900061267;2006;0;-0.053805041;1
34;2002;0.959237801;2006;0;-0.053805041;1
34;2003;1.349522005;2006;0;-0.053805041;1
34;2004;1.995232796;2006;0;-0.053805041;1
34;2005;1.996600462;2006;0;-0.053805041;1
34;2006;1.701363622;2006;1;-0.053805041;1
34;2007;2.131539929;2006;1;-0.053805041;1
34;2008;2.39247942;2006;1;-0.053805041;1
34;2009;2.035859683;2006;1;-0.053805041;1
34;2010;2.381218305;2006;1;-0.053805041;1
34;2011;3.203767264;2006;1;-0.053805041;1
34;2012;2.89732059;2006;1;-0.053805041;1
35;2000;0.450007878;NA;0;-1.377059557;1
35;2001;1.33668339;NA;0;-1.377059557;1
35;2002;1.694145499;NA;0;-1.377059557;1
35;2003;1.706198293;NA;0;-1.377059557;1
35;2004;1.501000019;NA;0;-1.377059557;1
35;2005;2.042206035;NA;0;-1.377059557;1
35;2006;2.503189905;NA;0;-1.377059557;1
35;2007;1.444284742;NA;0;-1.377059557;1
35;2008;1.650621665;NA;0;-1.377059557;1
35;2009;2.682194319;NA;0;-1.377059557;1
35;2010;2.813216647;NA;0;-1.377059557;1
35;2011;2.851201853;NA;0;-1.377059557;1
35;2012;2.76625894;NA;0;-1.377059557;1
36;2000;0.265899512;NA;0;-0.414994563;0
36;2001;0.947911771;NA;0;-0.414994563;0
36;2002;1.173593768;NA;0;-0.414994563;0
36;2003;1.101189546;NA;0;-0.414994563;0
36;2004;0.904322283;NA;0;-0.414994563;0
36;2005;1.062377462;NA;0;-0.414994563;0
36;2006;0.703414295;NA;0;-0.414994563;0
36;2007;1.87433486;NA;0;-0.414994563;0
36;2008;2.036697329;NA;0;-0.414994563;0
36;2009;1.877967981;NA;0;-0.414994563;0
36;2010;1.749655595;NA;0;-0.414994563;0
36;2011;1.670964365;NA;0;-0.414994563;0
36;2012;2.64505057;NA;0;-0.414994563;0
37;2000;-0.595248171;2007;0;-0.394289954;0
37;2001;0.101301153;2007;0;-0.394289954;0
37;2002;0.284540149;2007;0;-0.394289954;0
37;2003;0.651105406;2007;0;-0.394289954;0
37;2004;1.016114703;2007;0;-0.394289954;0
37;2005;0.653129793;2007;0;-0.394289954;0
37;2006;0.52781231;2007;0;-0.394289954;0
37;2007;-0.990329001;2007;1;-0.394289954;0
37;2008;-0.943215536;2007;1;-0.394289954;0
37;2009;-0.605335657;2007;1;-0.394289954;0
37;2010;0.305622941;2007;1;-0.394289954;0
37;2011;-0.259379327;2007;1;-0.394289954;0
37;2012;0.177727741;2007;1;-0.394289954;0
38;2000;1.264131031;2004;0;-0.059313397;1
38;2001;2.614150809;2004;0;-0.059313397;1
38;2002;2.907662911;2004;0;-0.059313397;1
38;2003;3.317969582;2004;0;-0.059313397;1
38;2004;2.905525166;2004;1;-0.059313397;1
38;2005;2.931738439;2004;1;-0.059313397;1
38;2006;2.517686563;2004;1;-0.059313397;1
38;2007;2.931297162;2004;1;-0.059313397;1
38;2008;3.122844736;2004;1;-0.059313397;1
38;2009;3.582425365;2004;1;-0.059313397;1
38;2010;3.886535225;2004;1;-0.059313397;1
38;2011;5.167168447;2004;1;-0.059313397;1
38;2012;5.300841274;2004;1;-0.059313397;1
39;2000;2.452261516;2006;0;1.100025372;1
39;2001;3.767967625;2006;0;1.100025372;1
39;2002;5.03640867;2006;0;1.100025372;1
39;2003;6.026848036;2006;0;1.100025372;1
39;2004;6.074593437;2006;0;1.100025372;1
39;2005;5.995991347;2006;0;1.100025372;1
39;2006;6.188146766;2006;1;1.100025372;1
39;2007;6.243363438;2006;1;1.100025372;1
39;2008;6.028758735;2006;1;1.100025372;1
39;2009;6.685783311;2006;1;1.100025372;1
39;2010;7.125610166;2006;1;1.100025372;1
39;2011;7.157514464;2006;1;1.100025372;1
39;2012;8.207045933;2006;1;1.100025372;1
40;2000;0.19764816;NA;0;0.763175748;0
40;2001;1.463282223;NA;0;0.763175748;0
40;2002;1.944482023;NA;0;0.763175748;0
40;2003;2.785606181;NA;0;0.763175748;0
40;2004;2.684445903;NA;0;0.763175748;0
40;2005;2.216599894;NA;0;0.763175748;0
40;2006;2.146946713;NA;0;0.763175748;0
40;2007;3.155431761;NA;0;0.763175748;0
40;2008;3.096119554;NA;0;0.763175748;0
40;2009;3.148147227;NA;0;0.763175748;0
40;2010;3.888299145;NA;0;0.763175748;0
40;2011;4.336702545;NA;0;0.763175748;0
40;2012;4.582732018;NA;0;0.763175748;0
41;2000;-0.351999706;NA;0;-0.164523596;0
41;2001;0.434385749;NA;0;-0.164523596;0
41;2002;1.235246301;NA;0;-0.164523596;0
41;2003;1.453510428;NA;0;-0.164523596;0
41;2004;1.671150415;NA;0;-0.164523596;0
41;2005;1.673586164;NA;0;-0.164523596;0
41;2006;1.918440018;NA;0;-0.164523596;0
41;2007;2.216455823;NA;0;-0.164523596;0
41;2008;2.640362856;NA;0;-0.164523596;0
41;2009;1.946979804;NA;0;-0.164523596;0
41;2010;2.451410997;NA;0;-0.164523596;0
41;2011;2.745982459;NA;0;-0.164523596;0
41;2012;3.585469908;NA;0;-0.164523596;0
42;2000;1.113816025;2006;0;-0.25336168;0
42;2001;1.02224574;2006;0;-0.25336168;0
42;2002;1.270285387;2006;0;-0.25336168;0
42;2003;1.677112414;2006;0;-0.25336168;0
42;2004;2.042870904;2006;0;-0.25336168;0
42;2005;2.077900281;2006;0;-0.25336168;0
42;2006;0.527731076;2006;1;-0.25336168;0
42;2007;-0.078037257;2006;1;-0.25336168;0
42;2008;-0.1299095;2006;1;-0.25336168;0
42;2009;0.85503957;2006;1;-0.25336168;0
42;2010;0.84407771;2006;1;-0.25336168;0
42;2011;1.025860966;2006;1;-0.25336168;0
42;2012;1.331081297;2006;1;-0.25336168;0
43;2000;0.363555664;2004;0;0.696963375;1
43;2001;1.066346852;2004;0;0.696963375;1
43;2002;1.537885347;2004;0;0.696963375;1
43;2003;0.758966336;2004;0;0.696963375;1
43;2004;0.230990659;2004;1;0.696963375;1
43;2005;0.575955688;2004;1;0.696963375;1
43;2006;0.992508127;2004;1;0.696963375;1
43;2007;0.605510867;2004;1;0.696963375;1
43;2008;1.38699177;2004;1;0.696963375;1
43;2009;1.339702742;2004;1;0.696963375;1
43;2010;2.048588693;2004;1;0.696963375;1
43;2011;2.592854298;2004;1;0.696963375;1
43;2012;2.760578675;2004;1;0.696963375;1
44;2000;0.737539137;2005;0;0.556663199;1
44;2001;0.967088576;2005;0;0.556663199;1
44;2002;2.026115163;2005;0;0.556663199;1
44;2003;1.896542382;2005;0;0.556663199;1
44;2004;1.560357459;2005;0;0.556663199;1
44;2005;1.130682982;2005;1;0.556663199;1
44;2006;0.614826099;2005;1;0.556663199;1
44;2007;0.070503886;2005;1;0.556663199;1
44;2008;-0.239316508;2005;1;0.556663199;1
44;2009;0.552161409;2005;1;0.556663199;1
44;2010;1.678245351;2005;1;0.556663199;1
44;2011;2.053491157;2005;1;0.556663199;1
44;2012;2.266157382;2005;1;0.556663199;1
45;2000;1.708086577;NA;0;-0.688755695;0
45;2001;2.364087746;NA;0;-0.688755695;0
45;2002;2.844446553;NA;0;-0.688755695;0
45;2003;3.021923846;NA;0;-0.688755695;0
45;2004;2.791890511;NA;0;-0.688755695;0
45;2005;3.005677798;NA;0;-0.688755695;0
45;2006;2.734526424;NA;0;-0.688755695;0
45;2007;1.861080325;NA;0;-0.688755695;0
45;2008;2.184885353;NA;0;-0.688755695;0
45;2009;2.814421437;NA;0;-0.688755695;0
45;2010;2.584137836;NA;0;-0.688755695;0
45;2011;3.184806981;NA;0;-0.688755695;0
45;2012;3.058146506;NA;0;-0.688755695;0
46;2000;0.781936398;2004;0;-0.707495157;0
46;2001;1.021889524;2004;0;-0.707495157;0
46;2002;0.600455716;2004;0;-0.707495157;0
46;2003;0.77662883;2004;0;-0.707495157;0
46;2004;0.786558919;2004;1;-0.707495157;0
46;2005;0.204397711;2004;1;-0.707495157;0
46;2006;-0.39475995;2004;1;-0.707495157;0
46;2007;-0.028885723;2004;1;-0.707495157;0
46;2008;-0.041965309;2004;1;-0.707495157;0
46;2009;1.081930966;2004;1;-0.707495157;0
46;2010;0.913115088;2004;1;-0.707495157;0
46;2011;1.132609465;2004;1;-0.707495157;0
46;2012;1.439103814;2004;1;-0.707495157;0
47;2000;1.383389621;NA;0;0.364581962;1
47;2001;2.511604591;NA;0;0.364581962;1
47;2002;3.218903882;NA;0;0.364581962;1
47;2003;3.802380613;NA;0;0.364581962;1
47;2004;4.268695158;NA;0;0.364581962;1
47;2005;4.585447084;NA;0;0.364581962;1
47;2006;4.463633299;NA;0;0.364581962;1
47;2007;4.048551782;NA;0;0.364581962;1
47;2008;3.523563889;NA;0;0.364581962;1
47;2009;4.267051603;NA;0;0.364581962;1
47;2010;4.494791316;NA;0;0.364581962;1
47;2011;5.327189725;NA;0;0.364581962;1
47;2012;6.055408112;NA;0;0.364581962;1
48;2000;0.844640884;2005;0;0.768532925;0
48;2001;1.95665914;2005;0;0.768532925;0
48;2002;2.663882494;2005;0;0.768532925;0
48;2003;2.846057115;2005;0;0.768532925;0
48;2004;2.76881201;2005;0;0.768532925;0
48;2005;2.444884828;2005;1;0.768532925;0
48;2006;1.950324221;2005;1;0.768532925;0
48;2007;1.123998617;2005;1;0.768532925;0
48;2008;2.230601859;2005;1;0.768532925;0
48;2009;2.625071553;2005;1;0.768532925;0
48;2010;3.020257082;2005;1;0.768532925;0
48;2011;2.875333739;2005;1;0.768532925;0
48;2012;3.471894431;2005;1;0.768532925;0
49;2000;0.744261588;2007;0;-0.112346212;0
49;2001;0.579926593;2007;0;-0.112346212;0
49;2002;1.165791539;2007;0;-0.112346212;0
49;2003;1.729410418;2007;0;-0.112346212;0
49;2004;2.045314345;2007;0;-0.112346212;0
49;2005;1.84348436;2007;0;-0.112346212;0
49;2006;2.639300402;2007;0;-0.112346212;0
49;2007;2.617484122;2007;1;-0.112346212;0
49;2008;2.057808201;2007;1;-0.112346212;0
49;2009;1.353189094;2007;1;-0.112346212;0
49;2010;1.26212938;2007;1;-0.112346212;0
49;2011;1.332108323;2007;1;-0.112346212;0
49;2012;1.843977861;2007;1;-0.112346212;0
50;2000;0.508515345;NA;0;0.881107726;1
50;2001;1.891296636;NA;0;0.881107726;1
50;2002;2.112106483;NA;0;0.881107726;1
50;2003;2.528196301;NA;0;0.881107726;1
50;2004;3.541389115;NA;0;0.881107726;1
50;2005;4.033183103;NA;0;0.881107726;1
50;2006;4.633173362;NA;0;0.881107726;1
50;2007;4.82477061;NA;0;0.881107726;1
50;2008;4.902653968;NA;0;0.881107726;1
50;2009;5.365751126;NA;0;0.881107726;1
50;2010;5.196700199;NA;0;0.881107726;1
50;2011;6.044126959;NA;0;0.881107726;1
50;2012;6.822815381;NA;0;0.881107726;1
51;2000;0.745872748;2004;0;0.39810588;0
51;2001;1.020031807;2004;0;0.39810588;0
51;2002;1.369853359;2004;0;0.39810588;0
51;2003;1.142012978;2004;0;0.39810588;0
51;2004;1.358841446;2004;1;0.39810588;0
51;2005;0.400813562;2004;1;0.39810588;0
51;2006;0.602704107;2004;1;0.39810588;0
51;2007;0.936015291;2004;1;0.39810588;0
51;2008;1.525020277;2004;1;0.39810588;0
51;2009;1.756853528;2004;1;0.39810588;0
51;2010;2.096840823;2004;1;0.39810588;0
51;2011;1.506150735;2004;1;0.39810588;0
51;2012;2.691784106;2004;1;0.39810588;0
52;2000;0.310179363;NA;0;-0.612026393;1
52;2001;1.747811325;NA;0;-0.612026393;1
52;2002;1.400093628;NA;0;-0.612026393;1
52;2003;1.173445026;NA;0;-0.612026393;1
52;2004;1.78472046;NA;0;-0.612026393;1
52;2005;1.820124485;NA;0;-0.612026393;1
52;2006;2.286916438;NA;0;-0.612026393;1
52;2007;1.916217942;NA;0;-0.612026393;1
52;2008;1.659857425;NA;0;-0.612026393;1
52;2009;2.273981661;NA;0;-0.612026393;1
52;2010;2.388610313;NA;0;-0.612026393;1
52;2011;3.140455728;NA;0;-0.612026393;1
52;2012;3.5784596;NA;0;-0.612026393;1
53;2000;-0.477613967;2004;0;0.341119691;0
53;2001;-0.278052155;2004;0;0.341119691;0
53;2002;0.100927536;2004;0;0.341119691;0
53;2003;-0.105993958;2004;0;0.341119691;0
53;2004;-0.287747759;2004;1;0.341119691;0
53;2005;-0.214268425;2004;1;0.341119691;0
53;2006;0.302845736;2004;1;0.341119691;0
53;2007;0.385771433;2004;1;0.341119691;0
53;2008;0.439158196;2004;1;0.341119691;0
53;2009;0.803979834;2004;1;0.341119691;0
53;2010;1.050364825;2004;1;0.341119691;0
53;2011;1.061916914;2004;1;0.341119691;0
53;2012;2.027197237;2004;1;0.341119691;0
54;2000;1.565874592;NA;0;-1.129363096;1
54;2001;2.500404456;NA;0;-1.129363096;1
54;2002;3.511177714;NA;0;-1.129363096;1
54;2003;4.526836937;NA;0;-1.129363096;1
54;2004;4.214188395;NA;0;-1.129363096;1
54;2005;4.627819546;NA;0;-1.129363096;1
54;2006;4.359979807;NA;0;-1.129363096;1
54;2007;4.471746051;NA;0;-1.129363096;1
54;2008;3.894689316;NA;0;-1.129363096;1
54;2009;3.870945672;NA;0;-1.129363096;1
54;2010;5.058082023;NA;0;-1.129363096;1
54;2011;5.145367317;NA;0;-1.129363096;1
54;2012;5.42383994;NA;0;-1.129363096;1
55;2000;1.047591885;2004;0;1.433023702;1
55;2001;3.231328354;2004;0;1.433023702;1
55;2002;4.073475825;2004;0;1.433023702;1
55;2003;4.930664336;2004;0;1.433023702;1
55;2004;5.100521745;2004;1;1.433023702;1
55;2005;5.147386118;2004;1;1.433023702;1
55;2006;4.942152425;2004;1;1.433023702;1
55;2007;5.978110259;2004;1;1.433023702;1
55;2008;6.071245267;2004;1;1.433023702;1
55;2009;6.305441404;2004;1;1.433023702;1
55;2010;7.395372078;2004;1;1.433023702;1
55;2011;7.588536647;2004;1;1.433023702;1
55;2012;7.752746373;2004;1;1.433023702;1
56;2000;0.298051708;2005;0;1.980399899;0
56;2001;1.491367937;2005;0;1.980399899;0
56;2002;2.16810382;2005;0;1.980399899;0
56;2003;2.856271361;2005;0;1.980399899;0
56;2004;3.463353769;2005;0;1.980399899;0
56;2005;4.227495466;2005;1;1.980399899;0
56;2006;3.969061031;2005;1;1.980399899;0
56;2007;3.609512313;2005;1;1.980399899;0
56;2008;4.315596825;2005;1;1.980399899;0
56;2009;4.357840194;2005;1;1.980399899;0
56;2010;5.00368172;2005;1;1.980399899;0
56;2011;5.898265337;2005;1;1.980399899;0
56;2012;6.25825299;2005;1;1.980399899;0
57;2000;0.710875279;NA;0;-0.367221476;1
57;2001;1.810380538;NA;0;-0.367221476;1
57;2002;3.365160739;NA;0;-0.367221476;1
57;2003;3.512048284;NA;0;-0.367221476;1
57;2004;4.168816843;NA;0;-0.367221476;1
57;2005;4.303213789;NA;0;-0.367221476;1
57;2006;4.306285695;NA;0;-0.367221476;1
57;2007;3.458698898;NA;0;-0.367221476;1
57;2008;4.387968202;NA;0;-0.367221476;1
57;2009;4.544493233;NA;0;-0.367221476;1
57;2010;4.956246341;NA;0;-0.367221476;1
57;2011;5.387048422;NA;0;-0.367221476;1
57;2012;6.721653773;NA;0;-0.367221476;1
58;2000;-1.202725572;NA;0;-1.044134626;0
58;2001;-2.126867678;NA;0;-1.044134626;0
58;2002;-1.320343692;NA;0;-1.044134626;0
58;2003;-0.851629158;NA;0;-1.044134626;0
58;2004;-1.002919849;NA;0;-1.044134626;0
58;2005;-1.150265816;NA;0;-1.044134626;0
58;2006;-0.638722862;NA;0;-1.044134626;0
58;2007;-1.788249764;NA;0;-1.044134626;0
58;2008;-1.930321823;NA;0;-1.044134626;0
58;2009;-1.303707391;NA;0;-1.044134626;0
58;2010;-1.031778515;NA;0;-1.044134626;0
58;2011;-0.434469796;NA;0;-1.044134626;0
58;2012;-0.727047875;NA;0;-1.044134626;0
59;2000;1.68272402;NA;0;0.569719627;1
59;2001;3.598203276;NA;0;0.569719627;1
59;2002;4.984853603;NA;0;0.569719627;1
59;2003;5.115074611;NA;0;0.569719627;1
59;2004;5.955998239;NA;0;0.569719627;1
59;2005;6.292626338;NA;0;0.569719627;1
59;2006;6.124683853;NA;0;0.569719627;1
59;2007;6.102460536;NA;0;0.569719627;1
59;2008;5.62401749;NA;0;0.569719627;1
59;2009;6.819212092;NA;0;0.569719627;1
59;2010;6.934088529;NA;0;0.569719627;1
59;2011;7.107561627;NA;0;0.569719627;1
59;2012;7.28108465;NA;0;0.569719627;1
60;2000;-1.115327227;NA;0;-0.135054604;0
60;2001;-0.570821594;NA;0;-0.135054604;0
60;2002;-0.439511498;NA;0;-0.135054604;0
60;2003;0.07588029;NA;0;-0.135054604;0
60;2004;0.84795951;NA;0;-0.135054604;0
60;2005;0.975056533;NA;0;-0.135054604;0
60;2006;0.02714514;NA;0;-0.135054604;0
60;2007;0.283655605;NA;0;-0.135054604;0
60;2008;0.032409167;NA;0;-0.135054604;0
60;2009;-0.22247714;NA;0;-0.135054604;0
60;2010;0.021848615;NA;0;-0.135054604;0
60;2011;0.253308954;NA;0;-0.135054604;0
60;2012;0.714862173;NA;0;-0.135054604;0
61;2000;0.05540976;2004;0;2.401617761;0
61;2001;-0.627381314;2004;0;2.401617761;0
61;2002;0.150785669;2004;0;2.401617761;0
61;2003;0.659209572;2004;0;2.401617761;0
61;2004;0.64438822;2004;1;2.401617761;0
61;2005;0.640206627;2004;1;2.401617761;0
61;2006;0.567358143;2004;1;2.401617761;0
61;2007;0.95461747;2004;1;2.401617761;0
61;2008;1.986841763;2004;1;2.401617761;0
61;2009;2.71442888;2004;1;2.401617761;0
61;2010;3.011276719;2004;1;2.401617761;0
61;2011;3.237977459;2004;1;2.401617761;0
61;2012;4.335857064;2004;1;2.401617761;0
62;2000;1.163507641;2006;0;-0.039240003;1
62;2001;2.414178639;2006;0;-0.039240003;1
62;2002;3.267079758;2006;0;-0.039240003;1
62;2003;3.976753171;2006;0;-0.039240003;1
62;2004;3.985322819;2006;0;-0.039240003;1
62;2005;4.998745097;2006;0;-0.039240003;1
62;2006;3.947666348;2006;1;-0.039240003;1
62;2007;3.260496873;2006;1;-0.039240003;1
62;2008;4.126611922;2006;1;-0.039240003;1
62;2009;4.182865102;2006;1;-0.039240003;1
62;2010;4.07821337;2006;1;-0.039240003;1
62;2011;4.125855819;2006;1;-0.039240003;1
62;2012;4.924971398;2006;1;-0.039240003;1
63;2000;1.923452564;2004;0;0.689739362;1
63;2001;2.540978678;2004;0;0.689739362;1
63;2002;3.502257244;2004;0;0.689739362;1
63;2003;4.365781597;2004;0;0.689739362;1
63;2004;4.446573184;2004;1;0.689739362;1
63;2005;3.786253597;2004;1;0.689739362;1
63;2006;4.566565565;2004;1;0.689739362;1
63;2007;4.097159682;2004;1;0.689739362;1
63;2008;4.488436288;2004;1;0.689739362;1
63;2009;5.194588583;2004;1;0.689739362;1
63;2010;5.436338177;2004;1;0.689739362;1
63;2011;6.351861936;2004;1;0.689739362;1
63;2012;7.536128356;2004;1;0.689739362;1
64;2000;0.025126798;2006;0;0.028002159;0
64;2001;0.224194386;2006;0;0.028002159;0
64;2002;-0.21045288;2006;0;0.028002159;0
64;2003;0.665936307;2006;0;0.028002159;0
64;2004;0.516112003;2006;0;0.028002159;0
64;2005;0.634733045;2006;0;0.028002159;0
64;2006;0.204242727;2006;1;0.028002159;0
64;2007;-0.271140949;2006;1;0.028002159;0
64;2008;0.272002535;2006;1;0.028002159;0
64;2009;0.786547246;2006;1;0.028002159;0
64;2010;0.210530319;2006;1;0.028002159;0
64;2011;0.347496585;2006;1;0.028002159;0
64;2012;0.822561097;2006;1;0.028002159;0
65;2000;-1.338616342;2007;0;-0.743273209;1
65;2001;-1.111591119;2007;0;-0.743273209;1
65;2002;-0.883893957;2007;0;-0.743273209;1
65;2003;-0.441789843;2007;0;-0.743273209;1
65;2004;-0.993592025;2007;0;-0.743273209;1
65;2005;-0.616664188;2007;0;-0.743273209;1
65;2006;-0.505891446;2007;0;-0.743273209;1
65;2007;-1.23517593;2007;1;-0.743273209;1
65;2008;-2.133978388;2007;1;-0.743273209;1
65;2009;-2.206366445;2007;1;-0.743273209;1
65;2010;-1.273710349;2007;1;-0.743273209;1
65;2011;-0.983402552;2007;1;-0.743273209;1
65;2012;-0.679368583;2007;1;-0.743273209;1
66;2000;-1.793125806;2004;0;0.1887923;1
66;2001;-1.368488146;2004;0;0.1887923;1
66;2002;-0.803248456;2004;0;0.1887923;1
66;2003;-1.057764958;2004;0;0.1887923;1
66;2004;-1.293669535;2004;1;0.1887923;1
66;2005;-1.33141241;2004;1;0.1887923;1
66;2006;-1.518869557;2004;1;0.1887923;1
66;2007;-1.166274025;2004;1;0.1887923;1
66;2008;-1.318214452;2004;1;0.1887923;1
66;2009;-1.226781594;2004;1;0.1887923;1
66;2010;-0.60138908;2004;1;0.1887923;1
66;2011;-0.447057988;2004;1;0.1887923;1
66;2012;-0.596533503;2004;1;0.1887923;1
67;2000;-1.191007276;2007;0;-1.804958629;0
67;2001;-0.998344173;2007;0;-1.804958629;0
67;2002;-0.820524554;2007;0;-1.804958629;0
67;2003;-0.731562322;2007;0;-1.804958629;0
67;2004;-0.771733742;2007;0;-1.804958629;0
67;2005;-0.642560469;2007;0;-1.804958629;0
67;2006;-1.202572603;2007;0;-1.804958629;0
67;2007;-1.257607206;2007;1;-1.804958629;0
67;2008;-2.462609543;2007;1;-1.804958629;0
67;2009;-2.330090782;2007;1;-1.804958629;0
67;2010;-2.423714727;2007;1;-1.804958629;0
67;2011;-1.919318165;2007;1;-1.804958629;0
67;2012;-1.802457341;2007;1;-1.804958629;0
68;2000;-0.662998308;2004;0;1.465554862;0
68;2001;-0.449607804;2004;0;1.465554862;0
68;2002;0.012931167;2004;0;1.465554862;0
68;2003;0.324166352;2004;0;1.465554862;0
68;2004;0.155284716;2004;1;1.465554862;0
68;2005;-0.262497864;2004;1;1.465554862;0
68;2006;0.272910799;2004;1;1.465554862;0
68;2007;0.380061149;2004;1;1.465554862;0
68;2008;0.68404207;2004;1;1.465554862;0
68;2009;1.438422179;2004;1;1.465554862;0
68;2010;2.203516443;2004;1;1.465554862;0
68;2011;2.837413167;2004;1;1.465554862;0
68;2012;2.826185202;2004;1;1.465554862;0
69;2000;0.24665839;2007;0;0.153253338;1
69;2001;1.002555561;2007;0;0.153253338;1
69;2002;0.55865536;2007;0;0.153253338;1
69;2003;0.532740641;2007;0;0.153253338;1
69;2004;1.176509971;2007;0;0.153253338;1
69;2005;1.313715109;2007;0;0.153253338;1
69;2006;2.43415637;2007;0;0.153253338;1
69;2007;2.325445227;2007;1;0.153253338;1
69;2008;0.838152091;2007;1;0.153253338;1
69;2009;0.619491177;2007;1;0.153253338;1
69;2010;1.809633265;2007;1;0.153253338;1
69;2011;2.504021348;2007;1;0.153253338;1
69;2012;3.765900539;2007;1;0.153253338;1
70;2000;1.531499615;2004;0;2.17261167;0
70;2001;3.143608416;2004;0;2.17261167;0
70;2002;2.839830137;2004;0;2.17261167;0
70;2003;3.257433853;2004;0;2.17261167;0
70;2004;3.661659075;2004;1;2.17261167;0
70;2005;3.542754492;2004;1;2.17261167;0
70;2006;3.398643024;2004;1;2.17261167;0
70;2007;3.497206453;2004;1;2.17261167;0
70;2008;3.97460623;2004;1;2.17261167;0
70;2009;4.100505173;2004;1;2.17261167;0
70;2010;4.793096276;2004;1;2.17261167;0
70;2011;6.028867468;2004;1;2.17261167;0
70;2012;6.383033519;2004;1;2.17261167;0
71;2000;1.484121244;2006;0;0.475509529;0
71;2001;2.191704539;2006;0;0.475509529;0
71;2002;2.729164587;2006;0;0.475509529;0
71;2003;2.214146915;2006;0;0.475509529;0
71;2004;2.142333603;2006;0;0.475509529;0
71;2005;2.87158781;2006;0;0.475509529;0
71;2006;3.396025589;2006;1;0.475509529;0
71;2007;3.184803992;2006;1;0.475509529;0
71;2008;2.699885678;2006;1;0.475509529;0
71;2009;3.262202504;2006;1;0.475509529;0
71;2010;3.24239872;2006;1;0.475509529;0
71;2011;3.540028924;2006;1;0.475509529;0
71;2012;4.492513871;2006;1;0.475509529;0
72;2000;-1.187209215;2004;0;-0.709946431;0
72;2001;-1.260102271;2004;0;-0.709946431;0
72;2002;-1.499904699;2004;0;-0.709946431;0
72;2003;-1.511785196;2004;0;-0.709946431;0
72;2004;-2.368230104;2004;1;-0.709946431;0
72;2005;-2.470451809;2004;1;-0.709946431;0
72;2006;-2.452707318;2004;1;-0.709946431;0
72;2007;-2.779383133;2004;1;-0.709946431;0
72;2008;-3.049468406;2004;1;-0.709946431;0
72;2009;-2.841807117;2004;1;-0.709946431;0
72;2010;-2.421725122;2004;1;-0.709946431;0
72;2011;-2.247064885;2004;1;-0.709946431;0
72;2012;-2.104867933;2004;1;-0.709946431;0
73;2000;1.291021444;2007;0;0.610726353;1
73;2001;1.345140802;2007;0;0.610726353;1
73;2002;1.956027129;2007;0;0.610726353;1
73;2003;2.784227779;2007;0;0.610726353;1
73;2004;2.764908898;2007;0;0.610726353;1
73;2005;3.324436843;2007;0;0.610726353;1
73;2006;3.455520759;2007;0;0.610726353;1
73;2007;3.569003686;2007;1;0.610726353;1
73;2008;2.559584966;2007;1;0.610726353;1
73;2009;2.975969741;2007;1;0.610726353;1
73;2010;3.82703851;2007;1;0.610726353;1
73;2011;4.375108651;2007;1;0.610726353;1
73;2012;5.280253161;2007;1;0.610726353;1
74;2000;-0.049210498;NA;0;-0.934097632;0
74;2001;0.074177864;NA;0;-0.934097632;0
74;2002;0.576729722;NA;0;-0.934097632;0
74;2003;0.4847554;NA;0;-0.934097632;0
74;2004;0.999082327;NA;0;-0.934097632;0
74;2005;1.413640978;NA;0;-0.934097632;0
74;2006;0.61862553;NA;0;-0.934097632;0
74;2007;0.04591966;NA;0;-0.934097632;0
74;2008;0.64473754;NA;0;-0.934097632;0
74;2009;0.776509236;NA;0;-0.934097632;0
74;2010;0.968271487;NA;0;-0.934097632;0
74;2011;0.640133898;NA;0;-0.934097632;0
74;2012;1.080799919;NA;0;-0.934097632;0
75;2000;1.709300933;NA;0;-1.2536334;1
75;2001;2.124744111;NA;0;-1.2536334;1
75;2002;2.652843903;NA;0;-1.2536334;1
75;2003;1.993827723;NA;0;-1.2536334;1
75;2004;2.901266639;NA;0;-1.2536334;1
75;2005;2.347781735;NA;0;-1.2536334;1
75;2006;1.962235568;NA;0;-1.2536334;1
75;2007;2.753471569;NA;0;-1.2536334;1
75;2008;2.911250386;NA;0;-1.2536334;1
75;2009;2.584172627;NA;0;-1.2536334;1
75;2010;2.608133658;NA;0;-1.2536334;1
75;2011;3.241197391;NA;0;-1.2536334;1
75;2012;3.772929704;NA;0;-1.2536334;1
76;2000;-0.049465292;NA;0;0.291446236;1
76;2001;-0.023010546;NA;0;0.291446236;1
76;2002;0.297105839;NA;0;0.291446236;1
76;2003;0.885334031;NA;0;0.291446236;1
76;2004;1.029359732;NA;0;0.291446236;1
76;2005;0.872187138;NA;0;0.291446236;1
76;2006;0.877957564;NA;0;0.291446236;1
76;2007;1.268508474;NA;0;0.291446236;1
76;2008;1.567741544;NA;0;0.291446236;1
76;2009;1.71024464;NA;0;0.291446236;1
76;2010;2.123735606;NA;0;0.291446236;1
76;2011;2.720783079;NA;0;0.291446236;1
76;2012;3.397315684;NA;0;0.291446236;1
77;2000;-0.32936595;2007;0;-0.443291873;1
77;2001;0.097865646;2007;0;-0.443291873;1
77;2002;-0.200375024;2007;0;-0.443291873;1
77;2003;-0.672454984;2007;0;-0.443291873;1
77;2004;-0.216063959;2007;0;-0.443291873;1
77;2005;-0.606281633;2007;0;-0.443291873;1
77;2006;0.202693847;2007;0;-0.443291873;1
77;2007;-0.575031917;2007;1;-0.443291873;1
77;2008;-0.616337396;2007;1;-0.443291873;1
77;2009;-0.002127364;2007;1;-0.443291873;1
77;2010;0.221222336;2007;1;-0.443291873;1
77;2011;0.367356006;2007;1;-0.443291873;1
77;2012;0.954832481;2007;1;-0.443291873;1
78;2000;-0.656751838;2006;0;0.001105352;0
78;2001;-1.607817462;2006;0;0.001105352;0
78;2002;-1.345673783;2006;0;0.001105352;0
78;2003;-0.864139721;2006;0;0.001105352;0
78;2004;-1.245441187;2006;0;0.001105352;0
78;2005;-1.025370917;2006;0;0.001105352;0
78;2006;-1.525879583;2006;1;0.001105352;0
78;2007;-1.874347703;2006;1;0.001105352;0
78;2008;-1.725427379;2006;1;0.001105352;0
78;2009;-1.823416984;2006;1;0.001105352;0
78;2010;-1.670943892;2006;1;0.001105352;0
78;2011;-1.442179722;2006;1;0.001105352;0
78;2012;-1.242597806;2006;1;0.001105352;0
79;2000;-0.038907586;2006;0;0.074341324;0
79;2001;0.660963313;2006;0;0.074341324;0
79;2002;1.978713094;2006;0;0.074341324;0
79;2003;2.048120231;2006;0;0.074341324;0
79;2004;1.696109416;2006;0;0.074341324;0
79;2005;1.786950643;2006;0;0.074341324;0
79;2006;1.137481263;2006;1;0.074341324;0
79;2007;0.601794158;2006;1;0.074341324;0
79;2008;1.155009974;2006;1;0.074341324;0
79;2009;1.233385312;2006;1;0.074341324;0
79;2010;1.788515547;2006;1;0.074341324;0
79;2011;1.806087036;2006;1;0.074341324;0
79;2012;1.769741268;2006;1;0.074341324;0
80;2000;-0.309657489;2007;0;-0.589520946;0
80;2001;-0.339313684;2007;0;-0.589520946;0
80;2002;-0.272714438;2007;0;-0.589520946;0
80;2003;0.144973171;2007;0;-0.589520946;0
80;2004;0.698798701;2007;0;-0.589520946;0
80;2005;0.591164576;2007;0;-0.589520946;0
80;2006;-0.213923545;2007;0;-0.589520946;0
80;2007;0.3835205;2007;1;-0.589520946;0
80;2008;0.21691052;2007;1;-0.589520946;0
80;2009;0.548239863;2007;1;-0.589520946;0
80;2010;0.056301376;2007;1;-0.589520946;0
80;2011;0.840450311;2007;1;-0.589520946;0
80;2012;0.763256481;2007;1;-0.589520946;0
81;2000;0.442477141;NA;0;-0.568668733;0
81;2001;0.610938139;NA;0;-0.568668733;0
81;2002;0.545021704;NA;0;-0.568668733;0
81;2003;1.407796461;NA;0;-0.568668733;0
81;2004;1.848135161;NA;0;-0.568668733;0
81;2005;1.919629957;NA;0;-0.568668733;0
81;2006;1.715047192;NA;0;-0.568668733;0
81;2007;1.415194831;NA;0;-0.568668733;0
81;2008;1.254297206;NA;0;-0.568668733;0
81;2009;1.834410293;NA;0;-0.568668733;0
81;2010;1.34439244;NA;0;-0.568668733;0
81;2011;1.18943122;NA;0;-0.568668733;0
81;2012;1.663924356;NA;0;-0.568668733;0
82;2000;-0.14580243;2004;0;-0.135178615;0
82;2001;-0.215837269;2004;0;-0.135178615;0
82;2002;0.069463826;2004;0;-0.135178615;0
82;2003;0.81133999;2004;0;-0.135178615;0
82;2004;1.30225287;2004;1;-0.135178615;0
82;2005;1.215102626;2004;1;-0.135178615;0
82;2006;0.146072552;2004;1;-0.135178615;0
82;2007;0.293159662;2004;1;-0.135178615;0
82;2008;1.099012645;2004;1;-0.135178615;0
82;2009;1.393995283;2004;1;-0.135178615;0
82;2010;1.575035174;2004;1;-0.135178615;0
82;2011;1.64970055;2004;1;-0.135178615;0
82;2012;2.307336019;2004;1;-0.135178615;0
83;2000;1.87384356;2005;0;1.178086997;1
83;2001;2.554598082;2005;0;1.178086997;1
83;2002;2.884444482;2005;0;1.178086997;1
83;2003;3.383039936;2005;0;1.178086997;1
83;2004;3.323703022;2005;0;1.178086997;1
83;2005;3.787559685;2005;1;1.178086997;1
83;2006;3.504623505;2005;1;1.178086997;1
83;2007;2.570687243;2005;1;1.178086997;1
83;2008;2.858604544;2005;1;1.178086997;1
83;2009;3.707163311;2005;1;1.178086997;1
83;2010;4.569718744;2005;1;1.178086997;1
83;2011;5.033591062;2005;1;1.178086997;1
83;2012;5.030549368;2005;1;1.178086997;1
84;2000;-0.605646617;NA;0;-1.5235668;0
84;2001;0.53122019;NA;0;-1.5235668;0
84;2002;0.495333116;NA;0;-1.5235668;0
84;2003;0.050365912;NA;0;-1.5235668;0
84;2004;-0.394871156;NA;0;-1.5235668;0
84;2005;-0.706764054;NA;0;-1.5235668;0
84;2006;-0.692415643;NA;0;-1.5235668;0
84;2007;-1.156932946;NA;0;-1.5235668;0
84;2008;-1.552237931;NA;0;-1.5235668;0
84;2009;-1.647782396;NA;0;-1.5235668;0
84;2010;-1.538441339;NA;0;-1.5235668;0
84;2011;-1.069769396;NA;0;-1.5235668;0
84;2012;-1.861193849;NA;0;-1.5235668;0
85;2000;1.587495896;2004;0;0.593946188;1
85;2001;2.005373066;2004;0;0.593946188;1
85;2002;2.546621893;2004;0;0.593946188;1
85;2003;3.081135642;2004;0;0.593946188;1
85;2004;2.620543197;2004;1;0.593946188;1
85;2005;2.147733102;2004;1;0.593946188;1
85;2006;1.964191082;2004;1;0.593946188;1
85;2007;2.696999044;2004;1;0.593946188;1
85;2008;3.227033415;2004;1;0.593946188;1
85;2009;3.056619792;2004;1;0.593946188;1
85;2010;3.666146246;2004;1;0.593946188;1
85;2011;3.793920885;2004;1;0.593946188;1
85;2012;4.860131614;2004;1;0.593946188;1
86;2000;0.079242528;2007;0;0.332950371;1
86;2001;0.331026571;2007;0;0.332950371;1
86;2002;1.088898372;2007;0;0.332950371;1
86;2003;1.936962722;2007;0;0.332950371;1
86;2004;1.479071195;2007;0;0.332950371;1
86;2005;1.802134326;2007;0;0.332950371;1
86;2006;2.901234134;2007;0;0.332950371;1
86;2007;2.64770869;2007;1;0.332950371;1
86;2008;3.204784139;2007;1;0.332950371;1
86;2009;2.161699184;2007;1;0.332950371;1
86;2010;2.662159368;2007;1;0.332950371;1
86;2011;2.848158318;2007;1;0.332950371;1
86;2012;4.019922178;2007;1;0.332950371;1
87;2000;2.598997894;2004;0;1.063099837;1
87;2001;3.744660066;2004;0;1.063099837;1
87;2002;4.91763124;2004;0;1.063099837;1
87;2003;5.367137601;2004;0;1.063099837;1
87;2004;4.440797361;2004;1;1.063099837;1
87;2005;4.294514138;2004;1;1.063099837;1
87;2006;4.628829844;2004;1;1.063099837;1
87;2007;3.841429874;2004;1;1.063099837;1
87;2008;4.54266335;2004;1;1.063099837;1
87;2009;4.789248657;2004;1;1.063099837;1
87;2010;5.161151791;2004;1;1.063099837;1
87;2011;5.387520539;2004;1;1.063099837;1
87;2012;6.322688672;2004;1;1.063099837;1
88;2000;-0.1416148;NA;0;-0.304183924;0
88;2001;0.113141288;NA;0;-0.304183924;0
88;2002;0.307264584;NA;0;-0.304183924;0
88;2003;0.515212471;NA;0;-0.304183924;0
88;2004;0.67613497;NA;0;-0.304183924;0
88;2005;0.339737852;NA;0;-0.304183924;0
88;2006;0.766596351;NA;0;-0.304183924;0
88;2007;0.999261875;NA;0;-0.304183924;0
88;2008;0.809602341;NA;0;-0.304183924;0
88;2009;0.722472935;NA;0;-0.304183924;0
88;2010;0.985825459;NA;0;-0.304183924;0
88;2011;1.640948383;NA;0;-0.304183924;0
88;2012;1.653989033;NA;0;-0.304183924;0
89;2000;1.599942765;2004;0;0.37001881;1
89;2001;2.571749855;2004;0;0.37001881;1
89;2002;2.288306471;2004;0;0.37001881;1
89;2003;2.824447865;2004;0;0.37001881;1
89;2004;2.59151009;2004;1;0.37001881;1
89;2005;3.205331341;2004;1;0.37001881;1
89;2006;2.673163694;2004;1;0.37001881;1
89;2007;2.891257159;2004;1;0.37001881;1
89;2008;3.207104628;2004;1;0.37001881;1
89;2009;4.058845052;2004;1;0.37001881;1
89;2010;4.484273678;2004;1;0.37001881;1
89;2011;4.767906212;2004;1;0.37001881;1
89;2012;5.00730889;2004;1;0.37001881;1
90;2000;0.681591007;NA;0;0.267098791;0
90;2001;1.002657831;NA;0;0.267098791;0
90;2002;0.456814841;NA;0;0.267098791;0
90;2003;1.564337051;NA;0;0.267098791;0
90;2004;1.955516282;NA;0;0.267098791;0
90;2005;1.833738353;NA;0;0.267098791;0
90;2006;2.003444117;NA;0;0.267098791;0
90;2007;1.799023776;NA;0;0.267098791;0
90;2008;2.761799891;NA;0;0.267098791;0
90;2009;2.667103056;NA;0;0.267098791;0
90;2010;3.271321362;NA;0;0.267098791;0
90;2011;3.776294225;NA;0;0.267098791;0
90;2012;3.540701352;NA;0;0.267098791;0
91;2000;1.152270801;2004;0;-0.542520031;0
91;2001;2.162073734;2004;0;-0.542520031;0
91;2002;2.489468465;2004;0;-0.542520031;0
91;2003;3.201800743;2004;0;-0.542520031;0
91;2004;2.777665089;2004;1;-0.542520031;0
91;2005;2.434779673;2004;1;-0.542520031;0
91;2006;1.30282529;2004;1;-0.542520031;0
91;2007;1.274122651;2004;1;-0.542520031;0
91;2008;1.600774937;2004;1;-0.542520031;0
91;2009;1.869913764;2004;1;-0.542520031;0
91;2010;1.630110105;2004;1;-0.542520031;0
91;2011;2.037881055;2004;1;-0.542520031;0
91;2012;2.269289189;2004;1;-0.542520031;0
92;2000;2.045506313;NA;0;1.207867806;1
92;2001;3.10675873;NA;0;1.207867806;1
92;2002;3.756132963;NA;0;1.207867806;1
92;2003;4.632774156;NA;0;1.207867806;1
92;2004;4.736039199;NA;0;1.207867806;1
92;2005;4.984051419;NA;0;1.207867806;1
92;2006;5.177211333;NA;0;1.207867806;1
92;2007;5.438111171;NA;0;1.207867806;1
92;2008;5.84566554;NA;0;1.207867806;1
92;2009;6.402480928;NA;0;1.207867806;1
92;2010;6.746926202;NA;0;1.207867806;1
92;2011;7.206639133;NA;0;1.207867806;1
92;2012;7.648197468;NA;0;1.207867806;1
93;2000;0.936676117;2004;0;1.160402616;0
93;2001;1.473753584;2004;0;1.160402616;0
93;2002;1.643440326;2004;0;1.160402616;0
93;2003;2.142490263;2004;0;1.160402616;0
93;2004;1.700531766;2004;1;1.160402616;0
93;2005;1.503806063;2004;1;1.160402616;0
93;2006;0.690973363;2004;1;1.160402616;0
93;2007;1.119401452;2004;1;1.160402616;0
93;2008;1.892407285;2004;1;1.160402616;0
93;2009;3.049800123;2004;1;1.160402616;0
93;2010;2.366037625;2004;1;1.160402616;0
93;2011;3.13903129;2004;1;1.160402616;0
93;2012;3.495955508;2004;1;1.160402616;0
94;2000;0.50892285;NA;0;0.70021365;0
94;2001;1.372069605;NA;0;0.70021365;0
94;2002;1.390097936;NA;0;0.70021365;0
94;2003;1.600963916;NA;0;0.70021365;0
94;2004;2.142418132;NA;0;0.70021365;0
94;2005;1.958110631;NA;0;0.70021365;0
94;2006;1.920816376;NA;0;0.70021365;0
94;2007;2.438522551;NA;0;0.70021365;0
94;2008;2.82487833;NA;0;0.70021365;0
94;2009;2.782840037;NA;0;0.70021365;0
94;2010;3.20261413;NA;0;0.70021365;0
94;2011;4.110802883;NA;0;0.70021365;0
94;2012;4.348485964;NA;0;0.70021365;0
95;2000;1.762986247;2006;0;1.586833455;1
95;2001;1.682639657;2006;0;1.586833455;1
95;2002;2.295539042;2006;0;1.586833455;1
95;2003;3.220926165;2006;0;1.586833455;1
95;2004;3.335507409;2006;0;1.586833455;1
95;2005;3.805616934;2006;0;1.586833455;1
95;2006;3.513140065;2006;1;1.586833455;1
95;2007;3.820399574;2006;1;1.586833455;1
95;2008;3.947537323;2006;1;1.586833455;1
95;2009;4.502606463;2006;1;1.586833455;1
95;2010;4.899822282;2006;1;1.586833455;1
95;2011;6.023947732;2006;1;1.586833455;1
95;2012;6.134758201;2006;1;1.586833455;1
96;2000;-0.732758905;2007;0;0.558486426;1
96;2001;-1.400643621;2007;0;0.558486426;1
96;2002;-1.067514747;2007;0;0.558486426;1
96;2003;-0.309794739;2007;0;0.558486426;1
96;2004;-0.174247074;2007;0;0.558486426;1
96;2005;0.51915559;2007;0;0.558486426;1
96;2006;0.990106064;2007;0;0.558486426;1
96;2007;-0.099779249;2007;1;0.558486426;1
96;2008;-1.115641463;2007;1;0.558486426;1
96;2009;-0.409227111;2007;1;0.558486426;1
96;2010;0.539634304;2007;1;0.558486426;1
96;2011;0.956575111;2007;1;0.558486426;1
96;2012;1.012463861;2007;1;0.558486426;1
97;2000;1.033338096;2006;0;-1.276592208;0
97;2001;1.75089013;2006;0;-1.276592208;0
97;2002;2.218652742;2006;0;-1.276592208;0
97;2003;2.43680808;2006;0;-1.276592208;0
97;2004;2.186619176;2006;0;-1.276592208;0
97;2005;2.057337804;2006;0;-1.276592208;0
97;2006;1.865749234;2006;1;-1.276592208;0
97;2007;1.180829184;2006;1;-1.276592208;0
97;2008;1.207228986;2006;1;-1.276592208;0
97;2009;1.4129797;2006;1;-1.276592208;0
97;2010;1.314959572;2006;1;-1.276592208;0
97;2011;1.561705149;2006;1;-1.276592208;0
97;2012;1.95882846;2006;1;-1.276592208;0
98;2000;1.872649054;2006;0;-0.573265414;1
98;2001;1.912188273;2006;0;-0.573265414;1
98;2002;2.133792904;2006;0;-0.573265414;1
98;2003;3.086289759;2006;0;-0.573265414;1
98;2004;2.408385874;2006;0;-0.573265414;1
98;2005;3.022548984;2006;0;-0.573265414;1
98;2006;1.922149478;2006;1;-0.573265414;1
98;2007;1.910726183;2006;1;-0.573265414;1
98;2008;1.671643997;2006;1;-0.573265414;1
98;2009;1.661695925;2006;1;-0.573265414;1
98;2010;1.607050007;2006;1;-0.573265414;1
98;2011;2.241538012;2006;1;-0.573265414;1
98;2012;1.962845966;2006;1;-0.573265414;1
99;2000;-0.597049354;2006;0;-1.224612615;1
99;2001;-0.978732095;2006;0;-1.224612615;1
99;2002;-0.51653414;2006;0;-1.224612615;1
99;2003;-0.214746879;2006;0;-1.224612615;1
99;2004;-0.935016176;2006;0;-1.224612615;1
99;2005;-1.20036605;2006;0;-1.224612615;1
99;2006;-1.703455143;2006;1;-1.224612615;1
99;2007;-1.913046551;2006;1;-1.224612615;1
99;2008;-2.103262307;2006;1;-1.224612615;1
99;2009;-2.046696059;2006;1;-1.224612615;1
99;2010;-2.521619536;2006;1;-1.224612615;1
99;2011;-2.293261384;2006;1;-1.224612615;1
99;2012;-1.950609077;2006;1;-1.224612615;1
100;2000;1.234429424;2004;0;-0.473400636;1
100;2001;1.131964504;2004;0;-0.473400636;1
100;2002;2.332810254;2004;0;-0.473400636;1
100;2003;2.478351266;2004;0;-0.473400636;1
100;2004;2.316419649;2004;1;-0.473400636;1
100;2005;1.307053769;2004;1;-0.473400636;1
100;2006;0.957709895;2004;1;-0.473400636;1
100;2007;1.112941129;2004;1;-0.473400636;1
100;2008;1.022550417;2004;1;-0.473400636;1
100;2009;1.190381633;2004;1;-0.473400636;1
100;2010;1.272358721;2004;1;-0.473400636;1
100;2011;1.990811956;2004;1;-0.473400636;1
100;2012;2.962257685;2004;1;-0.473400636;1
101;2000;0.267539212;2004;0;-0.620366677;1
101;2001;0.17728509;2004;0;-0.620366677;1
101;2002;1.130524877;2004;0;-0.620366677;1
101;2003;1.677362973;2004;0;-0.620366677;1
101;2004;1.588626914;2004;1;-0.620366677;1
101;2005;1.386728732;2004;1;-0.620366677;1
101;2006;-0.072232745;2004;1;-0.620366677;1
101;2007;1.145353451;2004;1;-0.620366677;1
101;2008;1.275519226;2004;1;-0.620366677;1
101;2009;1.451687022;2004;1;-0.620366677;1
101;2010;1.178670267;2004;1;-0.620366677;1
101;2011;1.870296063;2004;1;-0.620366677;1
101;2012;2.022668051;2004;1;-0.620366677;1
102;2000;-0.571439209;2007;0;0.042115873;0
102;2001;-0.736463012;2007;0;0.042115873;0
102;2002;-0.59588939;2007;0;0.042115873;0
102;2003;-0.197949387;2007;0;0.042115873;0
102;2004;-0.230793834;2007;0;0.042115873;0
102;2005;-0.391762591;2007;0;0.042115873;0
102;2006;-0.578584835;2007;0;0.042115873;0
102;2007;-0.852846644;2007;1;0.042115873;0
102;2008;-1.199064218;2007;1;0.042115873;0
102;2009;-0.833203651;2007;1;0.042115873;0
102;2010;-0.653893457;2007;1;0.042115873;0
102;2011;-0.551634903;2007;1;0.042115873;0
102;2012;0.063487007;2007;1;0.042115873;0
103;2000;0.794589891;NA;0;-0.910921649;0
103;2001;2.126119285;NA;0;-0.910921649;0
103;2002;1.68699807;NA;0;-0.910921649;0
103;2003;1.876880538;NA;0;-0.910921649;0
103;2004;2.328360614;NA;0;-0.910921649;0
103;2005;1.868176485;NA;0;-0.910921649;0
103;2006;1.718438406;NA;0;-0.910921649;0
103;2007;1.794733001;NA;0;-0.910921649;0
103;2008;1.304865125;NA;0;-0.910921649;0
103;2009;1.823611854;NA;0;-0.910921649;0
103;2010;1.229723699;NA;0;-0.910921649;0
103;2011;1.588382259;NA;0;-0.910921649;0
103;2012;1.406112562;NA;0;-0.910921649;0
104;2000;-0.171441689;NA;0;0.158028772;0
104;2001;1.083090884;NA;0;0.158028772;0
104;2002;0.927628922;NA;0;0.158028772;0
104;2003;1.768200117;NA;0;0.158028772;0
104;2004;1.426114191;NA;0;0.158028772;0
104;2005;1.190019362;NA;0;0.158028772;0
104;2006;1.110988942;NA;0;0.158028772;0
104;2007;1.547240738;NA;0;0.158028772;0
104;2008;1.254450658;NA;0;0.158028772;0
104;2009;1.90364578;NA;0;0.158028772;0
104;2010;1.833603982;NA;0;0.158028772;0
104;2011;2.915666352;NA;0;0.158028772;0
104;2012;2.777151532;NA;0;0.158028772;0
105;2000;-0.532150515;NA;0;-0.654584644;0
105;2001;0.501162663;NA;0;-0.654584644;0
105;2002;0.79845805;NA;0;-0.654584644;0
105;2003;0.395834698;NA;0;-0.654584644;0
105;2004;0.123610116;NA;0;-0.654584644;0
105;2005;0.374459312;NA;0;-0.654584644;0
105;2006;0.678883053;NA;0;-0.654584644;0
105;2007;0.451304062;NA;0;-0.654584644;0
105;2008;0.446941633;NA;0;-0.654584644;0
105;2009;0.571316589;NA;0;-0.654584644;0
105;2010;0.895212593;NA;0;-0.654584644;0
105;2011;0.618385754;NA;0;-0.654584644;0
105;2012;1.967196462;NA;0;-0.654584644;0
106;2000;1.331312655;NA;0;1.767287269;1
106;2001;2.332083074;NA;0;1.767287269;1
106;2002;3.536775426;NA;0;1.767287269;1
106;2003;4.429128816;NA;0;1.767287269;1
106;2004;5.17596893;NA;0;1.767287269;1
106;2005;5.555894125;NA;0;1.767287269;1
106;2006;5.979610807;NA;0;1.767287269;1
106;2007;6.353812439;NA;0;1.767287269;1
106;2008;7.127780252;NA;0;1.767287269;1
106;2009;7.483159215;NA;0;1.767287269;1
106;2010;7.993555728;NA;0;1.767287269;1
106;2011;8.161714576;NA;0;1.767287269;1
106;2012;8.644494939;NA;0;1.767287269;1
107;2000;-0.334564552;NA;0;0.716707476;0
107;2001;-0.405714442;NA;0;0.716707476;0
107;2002;-0.509582016;NA;0;0.716707476;0
107;2003;-0.397098829;NA;0;0.716707476;0
107;2004;0.623637915;NA;0;0.716707476;0
107;2005;0.932026548;NA;0;0.716707476;0
107;2006;1.226505386;NA;0;0.716707476;0
107;2007;0.724778747;NA;0;0.716707476;0
107;2008;0.969219795;NA;0;0.716707476;0
107;2009;1.461052738;NA;0;0.716707476;0
107;2010;1.714827354;NA;0;0.716707476;0
107;2011;2.405888441;NA;0;0.716707476;0
107;2012;2.78201703;NA;0;0.716707476;0
108;2000;0.323456185;2004;0;0.910174229;0
108;2001;0.451188628;2004;0;0.910174229;0
108;2002;0.442179021;2004;0;0.910174229;0
108;2003;0.895534166;2004;0;0.910174229;0
108;2004;0.533455816;2004;1;0.910174229;0
108;2005;0.759471439;2004;1;0.910174229;0
108;2006;0.814280544;2004;1;0.910174229;0
108;2007;0.584364852;2004;1;0.910174229;0
108;2008;0.6702935;2004;1;0.910174229;0
108;2009;1.925764243;2004;1;0.910174229;0
108;2010;1.866096091;2004;1;0.910174229;0
108;2011;1.773473498;2004;1;0.910174229;0
108;2012;2.528015523;2004;1;0.910174229;0
109;2000;0.760587926;2004;0;0.384185358;1
109;2001;0.504987614;2004;0;0.384185358;1
109;2002;1.628151364;2004;0;0.384185358;1
109;2003;2.593968145;2004;0;0.384185358;1
109;2004;2.227948681;2004;1;0.384185358;1
109;2005;2.514339549;2004;1;0.384185358;1
109;2006;2.211240511;2004;1;0.384185358;1
109;2007;2.648737785;2004;1;0.384185358;1
109;2008;2.607440577;2004;1;0.384185358;1
109;2009;2.845215434;2004;1;0.384185358;1
109;2010;3.010187776;2004;1;0.384185358;1
109;2011;3.894232469;2004;1;0.384185358;1
109;2012;4.168698187;2004;1;0.384185358;1
110;2000;2.263181946;2004;0;1.682176081;0
110;2001;2.749324371;2004;0;1.682176081;0
110;2002;3.188135486;2004;0;1.682176081;0
110;2003;3.560609306;2004;0;1.682176081;0
110;2004;3.813130631;2004;1;1.682176081;0
110;2005;4.107824447;2004;1;1.682176081;0
110;2006;4.439675819;2004;1;1.682176081;0
110;2007;4.618025526;2004;1;1.682176081;0
110;2008;3.859071682;2004;1;1.682176081;0
110;2009;4.813435152;2004;1;1.682176081;0
110;2010;5.844183773;2004;1;1.682176081;0
110;2011;6.238417516;2004;1;1.682176081;0
110;2012;5.555130769;2004;1;1.682176081;0
111;2000;0.133891184;NA;0;-0.635736454;0
111;2001;0.015470817;NA;0;-0.635736454;0
111;2002;0.301883122;NA;0;-0.635736454;0
111;2003;0.202100765;NA;0;-0.635736454;0
111;2004;0.31502697;NA;0;-0.635736454;0
111;2005;0.581167808;NA;0;-0.635736454;0
111;2006;0.154431564;NA;0;-0.635736454;0
111;2007;0.486757339;NA;0;-0.635736454;0
111;2008;0.432185971;NA;0;-0.635736454;0
111;2009;0.848648159;NA;0;-0.635736454;0
111;2010;0.618575533;NA;0;-0.635736454;0
111;2011;1.538268603;NA;0;-0.635736454;0
111;2012;1.805306391;NA;0;-0.635736454;0
112;2000;-0.196948043;NA;0;-0.46164473;1
112;2001;0.660878953;NA;0;-0.46164473;1
112;2002;1.417039641;NA;0;-0.46164473;1
112;2003;1.999497868;NA;0;-0.46164473;1
112;2004;2.335963119;NA;0;-0.46164473;1
112;2005;2.786651299;NA;0;-0.46164473;1
112;2006;2.164942083;NA;0;-0.46164473;1
112;2007;2.37630699;NA;0;-0.46164473;1
112;2008;1.661922278;NA;0;-0.46164473;1
112;2009;1.793385667;NA;0;-0.46164473;1
112;2010;1.901503504;NA;0;-0.46164473;1
112;2011;2.425266557;NA;0;-0.46164473;1
112;2012;2.336529028;NA;0;-0.46164473;1
113;2000;1.919770628;2004;0;1.432282239;0
113;2001;2.757991304;2004;0;1.432282239;0
113;2002;2.958797744;2004;0;1.432282239;0
113;2003;2.910686024;2004;0;1.432282239;0
113;2004;2.78920766;2004;1;1.432282239;0
113;2005;2.921082741;2004;1;1.432282239;0
113;2006;2.129521344;2004;1;1.432282239;0
113;2007;2.714796136;2004;1;1.432282239;0
113;2008;3.755049615;2004;1;1.432282239;0
113;2009;4.479111628;2004;1;1.432282239;0
113;2010;4.618384719;2004;1;1.432282239;0
113;2011;5.196421721;2004;1;1.432282239;0
113;2012;5.402242129;2004;1;1.432282239;0
114;2000;0.441426082;2006;0;-0.650696353;1
114;2001;0.92463047;2006;0;-0.650696353;1
114;2002;1.677226749;2006;0;-0.650696353;1
114;2003;2.042405995;2006;0;-0.650696353;1
114;2004;1.828896025;2006;0;-0.650696353;1
114;2005;2.230211503;2006;0;-0.650696353;1
114;2006;0.657709811;2006;1;-0.650696353;1
114;2007;0.541464315;2006;1;-0.650696353;1
114;2008;0.974395977;2006;1;-0.650696353;1
114;2009;1.476495682;2006;1;-0.650696353;1
114;2010;1.605564824;2006;1;-0.650696353;1
114;2011;1.602736109;2006;1;-0.650696353;1
114;2012;1.83021047;2006;1;-0.650696353;1
115;2000;-0.811246917;NA;0;-0.207380744;1
115;2001;-1.147072468;NA;0;-0.207380744;1
115;2002;-0.903060765;NA;0;-0.207380744;1
115;2003;-0.487409865;NA;0;-0.207380744;1
115;2004;-0.662758932;NA;0;-0.207380744;1
115;2005;-0.272196223;NA;0;-0.207380744;1
115;2006;0.741412917;NA;0;-0.207380744;1
115;2007;0.196767991;NA;0;-0.207380744;1
115;2008;-0.039276546;NA;0;-0.207380744;1
115;2009;0.268224879;NA;0;-0.207380744;1
115;2010;1.210628998;NA;0;-0.207380744;1
115;2011;1.257611392;NA;0;-0.207380744;1
115;2012;2.36495478;NA;0;-0.207380744;1
116;2000;0.49086887;2006;0;-0.392807929;1
116;2001;1.318435761;2006;0;-0.392807929;1
116;2002;1.806831807;2006;0;-0.392807929;1
116;2003;2.2039441;2006;0;-0.392807929;1
116;2004;2.486702145;2006;0;-0.392807929;1
116;2005;1.804330162;2006;0;-0.392807929;1
116;2006;1.771104913;2006;1;-0.392807929;1
116;2007;2.313627536;2006;1;-0.392807929;1
116;2008;2.887248168;2006;1;-0.392807929;1
116;2009;2.564638174;2006;1;-0.392807929;1
116;2010;2.856671446;2006;1;-0.392807929;1
116;2011;2.859559065;2006;1;-0.392807929;1
116;2012;3.507654516;2006;1;-0.392807929;1
117;2000;-0.425628422;2005;0;-0.319992869;0
117;2001;-0.844422994;2005;0;-0.319992869;0
117;2002;-0.541605693;2005;0;-0.319992869;0
117;2003;-0.47581342;2005;0;-0.319992869;0
117;2004;-0.970510748;2005;0;-0.319992869;0
117;2005;-1.398099116;2005;1;-0.319992869;0
117;2006;-2.127397732;2005;1;-0.319992869;0
117;2007;-2.359574643;2005;1;-0.319992869;0
117;2008;-1.354545667;2005;1;-0.319992869;0
117;2009;-1.64033967;2005;1;-0.319992869;0
117;2010;-1.579493855;2005;1;-0.319992869;0
117;2011;-1.469565505;2005;1;-0.319992869;0
117;2012;-0.613143247;2005;1;-0.319992869;0
118;2000;0.314983559;NA;0;-0.279113303;1
118;2001;0.88997541;NA;0;-0.279113303;1
118;2002;1.209934654;NA;0;-0.279113303;1
118;2003;0.944341778;NA;0;-0.279113303;1
118;2004;1.237320582;NA;0;-0.279113303;1
118;2005;1.329199359;NA;0;-0.279113303;1
118;2006;1.775787069;NA;0;-0.279113303;1
118;2007;1.535373556;NA;0;-0.279113303;1
118;2008;1.524880841;NA;0;-0.279113303;1
118;2009;1.349820119;NA;0;-0.279113303;1
118;2010;1.693993633;NA;0;-0.279113303;1
118;2011;2.372828454;NA;0;-0.279113303;1
118;2012;3.116320704;NA;0;-0.279113303;1
119;2000;0.676974344;2005;0;0.494188331;0
119;2001;1.136261053;2005;0;0.494188331;0
119;2002;1.546445452;2005;0;0.494188331;0
119;2003;1.717326454;2005;0;0.494188331;0
119;2004;1.672688888;2005;0;0.494188331;0
119;2005;1.457648188;2005;1;0.494188331;0
119;2006;0.722568557;2005;1;0.494188331;0
119;2007;0.612869027;2005;1;0.494188331;0
119;2008;1.153998976;2005;1;0.494188331;0
119;2009;1.541780693;2005;1;0.494188331;0
119;2010;1.5591812;2005;1;0.494188331;0
119;2011;2.037514939;2005;1;0.494188331;0
119;2012;2.293036144;2005;1;0.494188331;0
120;2000;-1.210056904;NA;0;-0.177330482;1
120;2001;-1.222453035;NA;0;-0.177330482;1
120;2002;-1.566525836;NA;0;-0.177330482;1
120;2003;-1.053944118;NA;0;-0.177330482;1
120;2004;-0.527349675;NA;0;-0.177330482;1
120;2005;-0.327990978;NA;0;-0.177330482;1
120;2006;0.095041455;NA;0;-0.177330482;1
120;2007;0.072466588;NA;0;-0.177330482;1
120;2008;0.955774446;NA;0;-0.177330482;1
120;2009;1.110675098;NA;0;-0.177330482;1
120;2010;1.14970376;NA;0;-0.177330482;1
120;2011;1.463849139;NA;0;-0.177330482;1
120;2012;1.798957579;NA;0;-0.177330482;1
121;2000;-0.460321196;2004;0;-0.505957462;0
121;2001;0.167513297;2004;0;-0.505957462;0
121;2002;-0.00790875;2004;0;-0.505957462;0
121;2003;-0.4843371;2004;0;-0.505957462;0
121;2004;-0.0595779;2004;1;-0.505957462;0
121;2005;-0.176526375;2004;1;-0.505957462;0
121;2006;-0.175024125;2004;1;-0.505957462;0
121;2007;-0.601127719;2004;1;-0.505957462;0
121;2008;-0.385768757;2004;1;-0.505957462;0
121;2009;-0.416031522;2004;1;-0.505957462;0
121;2010;-1.096988252;2004;1;-0.505957462;0
121;2011;-0.048198335;2004;1;-0.505957462;0
121;2012;-0.048204992;2004;1;-0.505957462;0
122;2000;1.749088893;2005;0;1.343038825;1
122;2001;2.497686519;2005;0;1.343038825;1
122;2002;3.151621907;2005;0;1.343038825;1
122;2003;3.936584223;2005;0;1.343038825;1
122;2004;3.857838993;2005;0;1.343038825;1
122;2005;3.347674974;2005;1;1.343038825;1
122;2006;2.618777609;2005;1;1.343038825;1
122;2007;3.122027261;2005;1;1.343038825;1
122;2008;3.244045063;2005;1;1.343038825;1
122;2009;4.30015234;2005;1;1.343038825;1
122;2010;4.649492945;2005;1;1.343038825;1
122;2011;5.071790479;2005;1;1.343038825;1
122;2012;6.095451199;2005;1;1.343038825;1
123;2000;-0.671572574;NA;0;-0.214579409;0
123;2001;0.356593602;NA;0;-0.214579409;0
123;2002;-0.081951711;NA;0;-0.214579409;0
123;2003;-0.071420955;NA;0;-0.214579409;0
123;2004;-0.331497732;NA;0;-0.214579409;0
123;2005;-0.123062605;NA;0;-0.214579409;0
123;2006;0.148406649;NA;0;-0.214579409;0
123;2007;-0.593663122;NA;0;-0.214579409;0
123;2008;-0.370084412;NA;0;-0.214579409;0
123;2009;0.040887773;NA;0;-0.214579409;0
123;2010;-0.190128732;NA;0;-0.214579409;0
123;2011;0.64741359;NA;0;-0.214579409;0
123;2012;0.754996748;NA;0;-0.214579409;0
124;2000;0.419166606;2004;0;-0.17955653;1
124;2001;0.649014891;2004;0;-0.17955653;1
124;2002;0.297120439;2004;0;-0.17955653;1
124;2003;1.110719603;2004;0;-0.17955653;1
124;2004;0.626700416;2004;1;-0.17955653;1
124;2005;0.945031502;2004;1;-0.17955653;1
124;2006;0.102223109;2004;1;-0.17955653;1
124;2007;0.679105791;2004;1;-0.17955653;1
124;2008;0.14518869;2004;1;-0.17955653;1
124;2009;0.63179688;2004;1;-0.17955653;1
124;2010;1.35415261;2004;1;-0.17955653;1
124;2011;1.286542013;2004;1;-0.17955653;1
124;2012;1.68067838;2004;1;-0.17955653;1
125;2000;1.175209547;2004;0;-0.100190741;1
125;2001;2.675001592;2004;0;-0.100190741;1
125;2002;3.465794555;2004;0;-0.100190741;1
125;2003;3.446074014;2004;0;-0.100190741;1
125;2004;3.433533496;2004;1;-0.100190741;1
125;2005;3.822386818;2004;1;-0.100190741;1
125;2006;3.241763651;2004;1;-0.100190741;1
125;2007;2.850391301;2004;1;-0.100190741;1
125;2008;3.452233229;2004;1;-0.100190741;1
125;2009;3.621810401;2004;1;-0.100190741;1
125;2010;3.49657536;2004;1;-0.100190741;1
125;2011;4.066594174;2004;1;-0.100190741;1
125;2012;4.068492036;2004;1;-0.100190741;1
126;2000;-0.296619797;2004;0;0.712666307;1
126;2001;-0.193988191;2004;0;0.712666307;1
126;2002;0.313685645;2004;0;0.712666307;1
126;2003;-0.336012004;2004;0;0.712666307;1
126;2004;0.349546518;2004;1;0.712666307;1
126;2005;0.508367594;2004;1;0.712666307;1
126;2006;-0.143396899;2004;1;0.712666307;1
126;2007;0.146128204;2004;1;0.712666307;1
126;2008;0.322781132;2004;1;0.712666307;1
126;2009;0.232487865;2004;1;0.712666307;1
126;2010;0.828384818;2004;1;0.712666307;1
126;2011;1.995581216;2004;1;0.712666307;1
126;2012;1.785137801;2004;1;0.712666307;1
127;2000;0.291796368;NA;0;-0.073564404;0
127;2001;0.575990452;NA;0;-0.073564404;0
127;2002;0.024379311;NA;0;-0.073564404;0
127;2003;0.111733748;NA;0;-0.073564404;0
127;2004;1.039548699;NA;0;-0.073564404;0
127;2005;0.911036949;NA;0;-0.073564404;0
127;2006;0.710968954;NA;0;-0.073564404;0
127;2007;1.669817877;NA;0;-0.073564404;0
127;2008;1.496653655;NA;0;-0.073564404;0
127;2009;1.80373275;NA;0;-0.073564404;0
127;2010;1.994058459;NA;0;-0.073564404;0
127;2011;2.779183548;NA;0;-0.073564404;0
127;2012;3.129470274;NA;0;-0.073564404;0
128;2000;-1.718835397;2004;0;-0.037634171;0
128;2001;-2.041370113;2004;0;-0.037634171;0
128;2002;-2.029579267;2004;0;-0.037634171;0
128;2003;-2.124858642;2004;0;-0.037634171;0
128;2004;-2.272260104;2004;1;-0.037634171;0
128;2005;-2.737537702;2004;1;-0.037634171;0
128;2006;-3.118197535;2004;1;-0.037634171;0
128;2007;-3.482986661;2004;1;-0.037634171;0
128;2008;-3.113584428;2004;1;-0.037634171;0
128;2009;-3.300131261;2004;1;-0.037634171;0
128;2010;-3.358946971;2004;1;-0.037634171;0
128;2011;-2.866403174;2004;1;-0.037634171;0
128;2012;-2.421127536;2004;1;-0.037634171;0
129;2000;-0.953572863;NA;0;-0.681660479;0
129;2001;-1.193799155;NA;0;-0.681660479;0
129;2002;-1.217643819;NA;0;-0.681660479;0
129;2003;-1.412061381;NA;0;-0.681660479;0
129;2004;-1.233126161;NA;0;-0.681660479;0
129;2005;-1.720578955;NA;0;-0.681660479;0
129;2006;-2.031816366;NA;0;-0.681660479;0
129;2007;-2.30269523;NA;0;-0.681660479;0
129;2008;-1.935024947;NA;0;-0.681660479;0
129;2009;-1.725387466;NA;0;-0.681660479;0
129;2010;-1.630730444;NA;0;-0.681660479;0
129;2011;-1.569596248;NA;0;-0.681660479;0
129;2012;-0.445041522;NA;0;-0.681660479;0
130;2000;-0.665342394;2006;0;-0.324270272;0
130;2001;-0.121400767;2006;0;-0.324270272;0
130;2002;-0.086984628;2006;0;-0.324270272;0
130;2003;-0.075438604;2006;0;-0.324270272;0
130;2004;-0.431406064;2006;0;-0.324270272;0
130;2005;-0.17224684;2006;0;-0.324270272;0
130;2006;-0.203088844;2006;1;-0.324270272;0
130;2007;-1.15846382;2006;1;-0.324270272;0
130;2008;-1.48571273;2006;1;-0.324270272;0
130;2009;-1.04360212;2006;1;-0.324270272;0
130;2010;-0.402502986;2006;1;-0.324270272;0
130;2011;-0.472716908;2006;1;-0.324270272;0
130;2012;-0.091082838;2006;1;-0.324270272;0
131;2000;1.897692562;2005;0;0.06016044;1
131;2001;2.891388029;2005;0;0.06016044;1
131;2002;3.92338553;2005;0;0.06016044;1
131;2003;4.773273529;2005;0;0.06016044;1
131;2004;4.77582676;2005;0;0.06016044;1
131;2005;4.495408174;2005;1;0.06016044;1
131;2006;3.960699492;2005;1;0.06016044;1
131;2007;4.065780001;2005;1;0.06016044;1
131;2008;4.245502133;2005;1;0.06016044;1
131;2009;4.366150305;2005;1;0.06016044;1
131;2010;5.0939933;2005;1;0.06016044;1
131;2011;5.318809443;2005;1;0.06016044;1
131;2012;5.441703974;2005;1;0.06016044;1
132;2000;-0.991340601;NA;0;-0.588894486;0
132;2001;-1.211827422;NA;0;-0.588894486;0
132;2002;-1.256128529;NA;0;-0.588894486;0
132;2003;-1.143465121;NA;0;-0.588894486;0
132;2004;-0.919773085;NA;0;-0.588894486;0
132;2005;-1.05954557;NA;0;-0.588894486;0
132;2006;-1.099942056;NA;0;-0.588894486;0
132;2007;-1.548007894;NA;0;-0.588894486;0
132;2008;-1.706463021;NA;0;-0.588894486;0
132;2009;-1.429239409;NA;0;-0.588894486;0
132;2010;-1.936307677;NA;0;-0.588894486;0
132;2011;-1.239863566;NA;0;-0.588894486;0
132;2012;-0.316987447;NA;0;-0.588894486;0
133;2000;-0.332225747;2004;0;0.531496193;0
133;2001;0.314631661;2004;0;0.531496193;0
133;2002;0.85357065;2004;0;0.531496193;0
133;2003;0.99041458;2004;0;0.531496193;0
133;2004;0.529575218;2004;1;0.531496193;0
133;2005;-0.041630908;2004;1;0.531496193;0
133;2006;0.312304712;2004;1;0.531496193;0
133;2007;0.568992011;2004;1;0.531496193;0
133;2008;0.48600832;2004;1;0.531496193;0
133;2009;0.464664462;2004;1;0.531496193;0
133;2010;1.00117019;2004;1;0.531496193;0
133;2011;2.172356382;2004;1;0.531496193;0
133;2012;2.385485556;2004;1;0.531496193;0
134;2000;-1.684956177;2007;0;-1.518394082;0
134;2001;-2.123949429;2007;0;-1.518394082;0
134;2002;-3.342552634;2007;0;-1.518394082;0
134;2003;-2.994911675;2007;0;-1.518394082;0
134;2004;-3.020148587;2007;0;-1.518394082;0
134;2005;-3.827826292;2007;0;-1.518394082;0
134;2006;-3.964410069;2007;0;-1.518394082;0
134;2007;-4.44246488;2007;1;-1.518394082;0
134;2008;-5.019283678;2007;1;-1.518394082;0
134;2009;-5.367411071;2007;1;-1.518394082;0
134;2010;-5.187952342;2007;1;-1.518394082;0
134;2011;-4.695870945;2007;1;-1.518394082;0
134;2012;-4.704098895;2007;1;-1.518394082;0
135;2000;0.331084772;2005;0;0.306557861;0
135;2001;1.111197492;2005;0;0.306557861;0
135;2002;1.720042723;2005;0;0.306557861;0
135;2003;1.671253;2005;0;0.306557861;0
135;2004;2.024715279;2005;0;0.306557861;0
135;2005;1.460121153;2005;1;0.306557861;0
135;2006;0.878941353;2005;1;0.306557861;0
135;2007;0.269754436;2005;1;0.306557861;0
135;2008;0.098829978;2005;1;0.306557861;0
135;2009;0.792133545;2005;1;0.306557861;0
135;2010;1.200472265;2005;1;0.306557861;0
135;2011;0.918767037;2005;1;0.306557861;0
135;2012;0.77911908;2005;1;0.306557861;0
136;2000;0.601572592;NA;0;-1.536449824;0
136;2001;0.287537185;NA;0;-1.536449824;0
136;2002;1.269408865;NA;0;-1.536449824;0
136;2003;1.795724661;NA;0;-1.536449824;0
136;2004;1.815597407;NA;0;-1.536449824;0
136;2005;0.817834825;NA;0;-1.536449824;0
136;2006;0.226782552;NA;0;-1.536449824;0
136;2007;0.362960387;NA;0;-1.536449824;0
136;2008;0.458803956;NA;0;-1.536449824;0
136;2009;0.428519702;NA;0;-1.536449824;0
136;2010;0.521693757;NA;0;-1.536449824;0
136;2011;0.525283743;NA;0;-1.536449824;0
136;2012;1.460719593;NA;0;-1.536449824;0
137;2000;-1.071304174;2007;0;-0.300976127;0
137;2001;-1.02545587;2007;0;-0.300976127;0
137;2002;-1.077977173;2007;0;-0.300976127;0
137;2003;-1.139376035;2007;0;-0.300976127;0
137;2004;-1.060508018;2007;0;-0.300976127;0
137;2005;-1.420792032;2007;0;-0.300976127;0
137;2006;-0.971737198;2007;0;-0.300976127;0
137;2007;-1.061006644;2007;1;-0.300976127;0
137;2008;-1.146308404;2007;1;-0.300976127;0
137;2009;-0.856498962;2007;1;-0.300976127;0
137;2010;-1.436337515;2007;1;-0.300976127;0
137;2011;-1.075738887;2007;1;-0.300976127;0
137;2012;-1.039404637;2007;1;-0.300976127;0
138;2000;0.086262623;2004;0;-0.528279904;1
138;2001;1.043724376;2004;0;-0.528279904;1
138;2002;1.143849449;2004;0;-0.528279904;1
138;2003;0.859228518;2004;0;-0.528279904;1
138;2004;0.964611986;2004;1;-0.528279904;1
138;2005;0.296037294;2004;1;-0.528279904;1
138;2006;0.044976962;2004;1;-0.528279904;1
138;2007;-0.043512494;2004;1;-0.528279904;1
138;2008;0.077681626;2004;1;-0.528279904;1
138;2009;0.472481964;2004;1;-0.528279904;1
138;2010;0.128106931;2004;1;-0.528279904;1
138;2011;1.344307222;2004;1;-0.528279904;1
138;2012;1.32195298;2004;1;-0.528279904;1
139;2000;1.497219358;2005;0;-0.652094781;1
139;2001;2.999405115;2005;0;-0.652094781;1
139;2002;3.073157774;2005;0;-0.652094781;1
139;2003;3.029930689;2005;0;-0.652094781;1
139;2004;3.993283207;2005;0;-0.652094781;1
139;2005;2.977988551;2005;1;-0.652094781;1
139;2006;2.703794015;2005;1;-0.652094781;1
139;2007;2.282553787;2005;1;-0.652094781;1
139;2008;2.447200179;2005;1;-0.652094781;1
139;2009;2.606759715;2005;1;-0.652094781;1
139;2010;2.583084308;2005;1;-0.652094781;1
139;2011;2.663143639;2005;1;-0.652094781;1
139;2012;3.724850303;2005;1;-0.652094781;1
140;2000;-0.091910991;2005;0;-0.056896778;0
140;2001;-0.571555141;2005;0;-0.056896778;0
140;2002;-0.817114483;2005;0;-0.056896778;0
140;2003;-0.356851587;2005;0;-0.056896778;0
140;2004;0.194833665;2005;0;-0.056896778;0
140;2005;-0.538321325;2005;1;-0.056896778;0
140;2006;-1.12889968;2005;1;-0.056896778;0
140;2007;-1.670767661;2005;1;-0.056896778;0
140;2008;-1.117332678;2005;1;-0.056896778;0
140;2009;-0.636675315;2005;1;-0.056896778;0
140;2010;-0.255862447;2005;1;-0.056896778;0
140;2011;-0.576324454;2005;1;-0.056896778;0
140;2012;-0.458689537;2005;1;-0.056896778;0
141;2000;-0.137771762;2006;0;-1.914359426;0
141;2001;0.2345764;2006;0;-1.914359426;0
141;2002;0.277875029;2006;0;-1.914359426;0
141;2003;-0.073917085;2006;0;-1.914359426;0
141;2004;0.111884234;2006;0;-1.914359426;0
141;2005;-0.016186024;2006;0;-1.914359426;0
141;2006;-0.512651801;2006;1;-1.914359426;0
141;2007;-1.749482546;2006;1;-1.914359426;0
141;2008;-1.964074432;2006;1;-1.914359426;0
141;2009;-1.824020628;2006;1;-1.914359426;0
141;2010;-2.077348649;2006;1;-1.914359426;0
141;2011;-1.574806311;2006;1;-1.914359426;0
141;2012;-1.054002655;2006;1;-1.914359426;0
142;2000;0.85758179;NA;0;1.176583312;0
142;2001;1.90270477;NA;0;1.176583312;0
142;2002;2.156853404;NA;0;1.176583312;0
142;2003;2.968815837;NA;0;1.176583312;0
142;2004;3.325233647;NA;0;1.176583312;0
142;2005;3.933320496;NA;0;1.176583312;0
142;2006;3.710358876;NA;0;1.176583312;0
142;2007;4.281529884;NA;0;1.176583312;0
142;2008;4.252011242;NA;0;1.176583312;0
142;2009;4.588485683;NA;0;1.176583312;0
142;2010;5.149303724;NA;0;1.176583312;0
142;2011;6.062915658;NA;0;1.176583312;0
142;2012;6.203880201;NA;0;1.176583312;0
143;2000;-1.037310963;NA;0;-1.664972436;1
143;2001;-2.133458238;NA;0;-1.664972436;1
143;2002;-2.349958554;NA;0;-1.664972436;1
143;2003;-2.075136072;NA;0;-1.664972436;1
143;2004;-1.822158228;NA;0;-1.664972436;1
143;2005;-1.759963174;NA;0;-1.664972436;1
143;2006;-2.332997628;NA;0;-1.664972436;1
143;2007;-2.366800198;NA;0;-1.664972436;1
143;2008;-2.183816113;NA;0;-1.664972436;1
143;2009;-2.530816061;NA;0;-1.664972436;1
143;2010;-1.950254919;NA;0;-1.664972436;1
143;2011;-1.681421828;NA;0;-1.664972436;1
143;2012;-1.31009465;NA;0;-1.664972436;1
144;2000;1.151636344;2004;0;-0.463530401;0
144;2001;1.403639746;2004;0;-0.463530401;0
144;2002;2.182190165;2004;0;-0.463530401;0
144;2003;2.568812589;2004;0;-0.463530401;0
144;2004;2.71664978;2004;1;-0.463530401;0
144;2005;1.090270848;2004;1;-0.463530401;0
144;2006;1.452711785;2004;1;-0.463530401;0
144;2007;0.665605474;2004;1;-0.463530401;0
144;2008;0.746669069;2004;1;-0.463530401;0
144;2009;1.193051194;2004;1;-0.463530401;0
144;2010;1.563760657;2004;1;-0.463530401;0
144;2011;1.938669837;2004;1;-0.463530401;0
144;2012;2.107168559;2004;1;-0.463530401;0
145;2000;0.205453243;NA;0;-1.115920105;1
145;2001;1.02499314;NA;0;-1.115920105;1
145;2002;0.941121984;NA;0;-1.115920105;1
145;2003;1.716561783;NA;0;-1.115920105;1
145;2004;1.87721529;NA;0;-1.115920105;1
145;2005;2.229662957;NA;0;-1.115920105;1
145;2006;2.197327552;NA;0;-1.115920105;1
145;2007;1.587952591;NA;0;-1.115920105;1
145;2008;1.837283578;NA;0;-1.115920105;1
145;2009;2.414406809;NA;0;-1.115920105;1
145;2010;2.822313458;NA;0;-1.115920105;1
145;2011;3.441610265;NA;0;-1.115920105;1
145;2012;3.854682032;NA;0;-1.115920105;1
146;2000;-0.508021916;2005;0;-0.750819001;1
146;2001;-0.381519564;2005;0;-0.750819001;1
146;2002;0.411852803;2005;0;-0.750819001;1
146;2003;0.519903417;2005;0;-0.750819001;1
146;2004;0.540412659;2005;0;-0.750819001;1
146;2005;0.556914377;2005;1;-0.750819001;1
146;2006;-0.008912176;2005;1;-0.750819001;1
146;2007;-0.783354935;2005;1;-0.750819001;1
146;2008;-0.20945268;2005;1;-0.750819001;1
146;2009;0.458878313;2005;1;-0.750819001;1
146;2010;0.089018554;2005;1;-0.750819001;1
146;2011;0.522044225;2005;1;-0.750819001;1
146;2012;0.22550011;2005;1;-0.750819001;1
147;2000;0.044137317;2004;0;2.087166546;0
147;2001;0.880831899;2004;0;2.087166546;0
147;2002;1.121942051;2004;0;2.087166546;0
147;2003;2.704837247;2004;0;2.087166546;0
147;2004;2.736787103;2004;1;2.087166546;0
147;2005;2.175636708;2004;1;2.087166546;0
147;2006;2.998730459;2004;1;2.087166546;0
147;2007;2.815290573;2004;1;2.087166546;0
147;2008;3.119647474;2004;1;2.087166546;0
147;2009;3.472036519;2004;1;2.087166546;0
147;2010;4.038295279;2004;1;2.087166546;0
147;2011;4.836747916;2004;1;2.087166546;0
147;2012;5.047512508;2004;1;2.087166546;0
148;2000;0.052820622;2004;0;0.01739562;0
148;2001;-0.303527203;2004;0;0.01739562;0
148;2002;-0.063441806;2004;0;0.01739562;0
148;2003;0.266775466;2004;0;0.01739562;0
148;2004;-0.527732017;2004;1;0.01739562;0
148;2005;-0.551015754;2004;1;0.01739562;0
148;2006;-0.387877173;2004;1;0.01739562;0
148;2007;-0.377513767;2004;1;0.01739562;0
148;2008;-0.726333199;2004;1;0.01739562;0
148;2009;-0.28524432;2004;1;0.01739562;0
148;2010;-0.324557949;2004;1;0.01739562;0
148;2011;0.515934512;2004;1;0.01739562;0
148;2012;0.623869507;2004;1;0.01739562;0
149;2000;0.544817956;NA;0;-1.28630053;1
149;2001;1.435879238;NA;0;-1.28630053;1
149;2002;1.782125245;NA;0;-1.28630053;1
149;2003;1.745977776;NA;0;-1.28630053;1
149;2004;2.459049904;NA;0;-1.28630053;1
149;2005;1.956305416;NA;0;-1.28630053;1
149;2006;1.843584133;NA;0;-1.28630053;1
149;2007;1.976478788;NA;0;-1.28630053;1
149;2008;2.377500749;NA;0;-1.28630053;1
149;2009;2.606594872;NA;0;-1.28630053;1
149;2010;3.066205178;NA;0;-1.28630053;1
149;2011;3.643530462;NA;0;-1.28630053;1
149;2012;3.829099537;NA;0;-1.28630053;1
150;2000;-0.300717172;NA;0;-1.640605534;0
150;2001;-1.83292529;NA;0;-1.640605534;0
150;2002;-2.123668577;NA;0;-1.640605534;0
150;2003;-1.556185812;NA;0;-1.640605534;0
150;2004;-1.57407141;NA;0;-1.640605534;0
150;2005;-1.645662039;NA;0;-1.640605534;0
150;2006;-1.701384802;NA;0;-1.640605534;0
150;2007;-2.148811267;NA;0;-1.640605534;0
150;2008;-2.427776896;NA;0;-1.640605534;0
150;2009;-2.306940651;NA;0;-1.640605534;0
150;2010;-2.322104565;NA;0;-1.640605534;0
150;2011;-1.914801332;NA;0;-1.640605534;0
150;2012;-2.20165755;NA;0;-1.640605534;0
